-- phpMyAdmin SQL Dump
-- version 4.7.4
-- https://www.phpmyadmin.net/
--
-- Host: 127.0.0.1:3306
-- Generation Time: Apr 23, 2019 at 01:34 PM
-- Server version: 5.7.19
-- PHP Version: 5.6.31

SET SQL_MODE = "NO_AUTO_VALUE_ON_ZERO";
SET AUTOCOMMIT = 0;
START TRANSACTION;
SET time_zone = "+00:00";


/*!40101 SET @OLD_CHARACTER_SET_CLIENT=@@CHARACTER_SET_CLIENT */;
/*!40101 SET @OLD_CHARACTER_SET_RESULTS=@@CHARACTER_SET_RESULTS */;
/*!40101 SET @OLD_COLLATION_CONNECTION=@@COLLATION_CONNECTION */;
/*!40101 SET NAMES utf8mb4 */;

--
-- Database: `eapi`
--

-- --------------------------------------------------------

--
-- Table structure for table `migrations`
--

DROP TABLE IF EXISTS `migrations`;
CREATE TABLE IF NOT EXISTS `migrations` (
  `id` int(10) UNSIGNED NOT NULL AUTO_INCREMENT,
  `migration` varchar(191) COLLATE utf8mb4_unicode_ci NOT NULL,
  `batch` int(11) NOT NULL,
  PRIMARY KEY (`id`)
) ENGINE=MyISAM AUTO_INCREMENT=5 DEFAULT CHARSET=utf8mb4 COLLATE=utf8mb4_unicode_ci;

--
-- Dumping data for table `migrations`
--

INSERT INTO `migrations` (`id`, `migration`, `batch`) VALUES
(1, '2014_10_12_000000_create_users_table', 1),
(2, '2014_10_12_100000_create_password_resets_table', 1),
(3, '2019_04_22_193335_create_products_table', 1),
(4, '2019_04_22_193415_create_reviews_table', 1);

-- --------------------------------------------------------

--
-- Table structure for table `password_resets`
--

DROP TABLE IF EXISTS `password_resets`;
CREATE TABLE IF NOT EXISTS `password_resets` (
  `email` varchar(191) COLLATE utf8mb4_unicode_ci NOT NULL,
  `token` varchar(191) COLLATE utf8mb4_unicode_ci NOT NULL,
  `created_at` timestamp NULL DEFAULT NULL,
  KEY `password_resets_email_index` (`email`)
) ENGINE=MyISAM DEFAULT CHARSET=utf8mb4 COLLATE=utf8mb4_unicode_ci;

-- --------------------------------------------------------

--
-- Table structure for table `products`
--

DROP TABLE IF EXISTS `products`;
CREATE TABLE IF NOT EXISTS `products` (
  `id` bigint(20) UNSIGNED NOT NULL AUTO_INCREMENT,
  `name` varchar(191) COLLATE utf8mb4_unicode_ci NOT NULL,
  `detail` text COLLATE utf8mb4_unicode_ci NOT NULL,
  `price` int(11) NOT NULL,
  `stock` int(11) NOT NULL,
  `discount` int(11) NOT NULL,
  `created_at` timestamp NULL DEFAULT NULL,
  `updated_at` timestamp NULL DEFAULT NULL,
  PRIMARY KEY (`id`)
) ENGINE=MyISAM AUTO_INCREMENT=51 DEFAULT CHARSET=utf8mb4 COLLATE=utf8mb4_unicode_ci;

--
-- Dumping data for table `products`
--

INSERT INTO `products` (`id`, `name`, `detail`, `price`, `stock`, `discount`, `created_at`, `updated_at`) VALUES
(1, 'voluptatibus', 'Officiis autem et qui. Sed accusantium occaecati consequatur cupiditate. Tempore sequi similique non animi.', 301, 7, 27, '2019-04-23 12:31:31', '2019-04-23 12:31:31'),
(2, 'tempora', 'Repellat molestiae sit aperiam. Omnis exercitationem et et consequatur. Atque quae nam necessitatibus nisi aut in ea. Ut exercitationem sint optio harum.', 213, 7, 25, '2019-04-23 12:31:31', '2019-04-23 12:31:31'),
(3, 'reprehenderit', 'Est qui ut hic laudantium. A illo tempora quidem numquam eos optio eum. Consequatur cumque a magnam inventore. Enim corrupti et expedita corrupti dolor sit.', 715, 1, 13, '2019-04-23 12:31:31', '2019-04-23 12:31:31'),
(4, 'pariatur', 'Qui dicta sunt sunt est velit. A excepturi eligendi animi temporibus. Saepe nihil quod sit. Minima odio quos officia velit exercitationem et debitis impedit.', 975, 5, 23, '2019-04-23 12:31:31', '2019-04-23 12:31:31'),
(5, 'architecto', 'Voluptatem ut ipsum corrupti aperiam. Quas inventore et consequatur magni laborum sunt et. Commodi eos eum nemo consectetur aliquid perferendis. Qui amet consectetur sapiente.', 276, 0, 2, '2019-04-23 12:31:31', '2019-04-23 12:31:31'),
(6, 'delectus', 'Et asperiores illum veritatis. Voluptate ducimus temporibus asperiores et. Voluptatum distinctio vero fuga tempore ea officiis.', 437, 8, 3, '2019-04-23 12:31:31', '2019-04-23 12:31:31'),
(7, 'aliquam', 'Minus quis inventore facere consequatur itaque blanditiis cum incidunt. Occaecati ut quibusdam dolor iusto quo nemo voluptatum. Maiores dolorum aut ut.', 426, 9, 18, '2019-04-23 12:31:31', '2019-04-23 12:31:31'),
(8, 'pariatur', 'Maxime hic perspiciatis placeat ullam vel. Quas commodi itaque voluptate eos sapiente. Debitis sunt qui delectus. Animi voluptas ullam fugit deserunt repudiandae modi. Molestias impedit voluptatem quo quo.', 874, 8, 6, '2019-04-23 12:31:31', '2019-04-23 12:31:31'),
(9, 'est', 'Praesentium voluptatum fuga autem deleniti officiis voluptatibus nesciunt magnam. Laudantium possimus dolore sunt molestiae deleniti quia ratione. Quo velit est ut tempore repellat itaque deleniti.', 792, 3, 24, '2019-04-23 12:31:31', '2019-04-23 12:31:31'),
(10, 'officia', 'Ipsam quibusdam quibusdam aliquam neque vel. Quis ad ratione consequatur delectus aliquam est porro. Mollitia amet vel et.', 889, 6, 8, '2019-04-23 12:31:31', '2019-04-23 12:31:31'),
(11, 'ratione', 'Facere est qui ullam repellendus. Hic quisquam ad suscipit quisquam magni. Eligendi pariatur distinctio sunt sequi cum. Molestiae aut nihil sint quis.', 365, 2, 5, '2019-04-23 12:31:31', '2019-04-23 12:31:31'),
(12, 'magnam', 'Possimus illum sequi iste eius laudantium. Enim optio sed sit nisi iusto molestiae. Ipsa in neque quia facere iure est. In cupiditate in id officiis in.', 650, 9, 11, '2019-04-23 12:31:31', '2019-04-23 12:31:31'),
(13, 'beatae', 'Officiis placeat totam voluptas ipsam. Cupiditate asperiores voluptas repellendus vel dolorem. Sed ea dolorem cumque voluptates quis.', 872, 8, 5, '2019-04-23 12:31:31', '2019-04-23 12:31:31'),
(14, 'autem', 'Recusandae ex beatae ipsum corporis omnis expedita alias ad. Molestias natus vel sunt facilis sit. Iure maiores in eos facere cumque. Ullam nemo dignissimos soluta et distinctio.', 819, 2, 24, '2019-04-23 12:31:31', '2019-04-23 12:31:31'),
(15, 'sint', 'Qui soluta dicta et cum nemo perferendis voluptate. Voluptatem esse est ullam excepturi quasi fugiat. Non excepturi consequatur et rerum tempora maiores ex est. Velit enim assumenda autem sint cumque.', 697, 6, 12, '2019-04-23 12:31:31', '2019-04-23 12:31:31'),
(16, 'quia', 'In temporibus minima cum. Aliquam est magnam sed magni. Sed qui aut et nihil.', 809, 9, 10, '2019-04-23 12:31:31', '2019-04-23 12:31:31'),
(17, 'eum', 'Sed et fuga laudantium quo mollitia eum. Consequatur ab qui earum dolorum quisquam. At quod nesciunt natus repellat. Nobis impedit occaecati repellendus maiores dolores a eos.', 430, 7, 26, '2019-04-23 12:31:31', '2019-04-23 12:31:31'),
(18, 'voluptas', 'Rem et inventore ea et velit corporis excepturi. Enim nesciunt facilis assumenda reiciendis reprehenderit quia. Fugiat dolores inventore dolorem. Amet quo dolores molestiae laborum dolor.', 874, 4, 19, '2019-04-23 12:31:31', '2019-04-23 12:31:31'),
(19, 'odit', 'Laborum molestiae autem at aut iusto ducimus aut. Id tenetur exercitationem unde esse omnis voluptates sed. Est voluptas consequatur et minus pariatur.', 842, 4, 29, '2019-04-23 12:31:31', '2019-04-23 12:31:31'),
(20, 'sequi', 'Sunt eius corrupti id illo autem porro. Unde reiciendis quam in hic earum molestiae. Est eum esse quis cum ab quas tempore.', 451, 1, 5, '2019-04-23 12:31:31', '2019-04-23 12:31:31'),
(21, 'beatae', 'Molestias rerum aut deleniti aliquid sit ea cum reiciendis. Nesciunt quae veniam voluptatum consequatur dolore vel.', 237, 9, 13, '2019-04-23 12:31:31', '2019-04-23 12:31:31'),
(22, 'repellendus', 'Aperiam ipsa aut quis et ut perferendis. Praesentium nesciunt qui optio doloremque voluptatem rerum. Porro et qui cum est soluta. Sint fugiat maiores aspernatur consequuntur et eos modi.', 414, 5, 23, '2019-04-23 12:31:31', '2019-04-23 12:31:31'),
(23, 'aperiam', 'Quis omnis in ut corporis. Dolor voluptatum omnis velit. Reprehenderit consequatur mollitia nam sed id eum aut. Aut et in placeat laborum. Facilis nemo nemo vero ab commodi officia veritatis.', 715, 4, 23, '2019-04-23 12:31:31', '2019-04-23 12:31:31'),
(24, 'est', 'Et qui totam laudantium praesentium. Quo optio minus cumque ut dolorum et delectus. Et aliquid laudantium iste ipsa porro quis. Tenetur eveniet blanditiis voluptas nemo consequatur dolorem voluptatem. Saepe aut ea quas recusandae et cupiditate suscipit.', 165, 3, 4, '2019-04-23 12:31:31', '2019-04-23 12:31:31'),
(25, 'aut', 'Dolor voluptate voluptas aut quis. Reprehenderit vitae a eligendi quas. Ut maxime fugit numquam quo numquam. Rem nam quasi est labore sed sapiente qui.', 729, 2, 15, '2019-04-23 12:31:31', '2019-04-23 12:31:31'),
(26, 'omnis', 'A dolorem rem et omnis voluptas molestias. Vero autem ut quae sint est est. Consequatur dignissimos nam harum aut tempore debitis.', 533, 2, 6, '2019-04-23 12:31:31', '2019-04-23 12:31:31'),
(27, 'quod', 'Tenetur eos tempora dolores explicabo. Similique esse non neque et libero accusamus debitis. Cupiditate sit impedit ipsam sint perspiciatis aut laborum dolorem.', 574, 7, 11, '2019-04-23 12:31:31', '2019-04-23 12:31:31'),
(28, 'quia', 'Minus sunt occaecati quae distinctio dolore vel quod molestiae. Fugiat possimus tempora sunt et ut repellat est. Explicabo ea dignissimos quis aut qui aut sint.', 389, 2, 30, '2019-04-23 12:31:31', '2019-04-23 12:31:31'),
(29, 'delectus', 'Eos qui quibusdam harum qui dignissimos. Rerum veritatis totam neque quae. Expedita maxime omnis eligendi blanditiis ipsam et. Sit vitae ut odio ea exercitationem.', 272, 7, 16, '2019-04-23 12:31:31', '2019-04-23 12:31:31'),
(30, 'enim', 'At ad ex consequatur rem veniam. Maxime deleniti itaque labore consequuntur quis rerum voluptatum. Est sunt non eum perspiciatis.', 487, 1, 5, '2019-04-23 12:31:31', '2019-04-23 12:31:31'),
(31, 'cumque', 'Voluptates maiores ut dolore nulla non. Et est aut a. Explicabo perspiciatis consequatur pariatur maxime quod nisi sint possimus. Molestias optio excepturi sit.', 291, 5, 6, '2019-04-23 12:31:31', '2019-04-23 12:31:31'),
(32, 'voluptatem', 'Voluptas officia quia ut sunt nostrum voluptatibus id. Repudiandae omnis neque at. Ut esse commodi eos nemo. Quis ex explicabo voluptas libero.', 281, 3, 15, '2019-04-23 12:31:31', '2019-04-23 12:31:31'),
(33, 'dolores', 'Illo molestias est molestias dolorum. Dolor aliquid suscipit quod qui. Corrupti tempore aut sit laborum autem. Rem dolor occaecati saepe beatae.', 478, 3, 17, '2019-04-23 12:31:31', '2019-04-23 12:31:31'),
(34, 'dolorem', 'Reprehenderit non eligendi eum eos. Ipsam porro nemo eligendi saepe odit. Dolorum deserunt nulla omnis unde voluptas dolor porro. Voluptates voluptatem adipisci vero iste dignissimos.', 119, 8, 12, '2019-04-23 12:31:31', '2019-04-23 12:31:31'),
(35, 'non', 'Mollitia harum rem ut cupiditate id libero. Quibusdam consequatur et et distinctio neque fugit. Ex labore sint vel quo est repudiandae fugit maxime.', 270, 6, 22, '2019-04-23 12:31:31', '2019-04-23 12:31:31'),
(36, 'distinctio', 'Sunt eaque omnis velit sapiente eveniet est in. Voluptatem dolores eos tenetur sed. Mollitia voluptatem vitae omnis excepturi commodi. Voluptatum ipsa dolor repellat voluptatibus consequatur et harum recusandae. Error ut blanditiis omnis.', 290, 9, 12, '2019-04-23 12:31:31', '2019-04-23 12:31:31'),
(37, 'nulla', 'Magnam illum rerum laboriosam nam rerum eveniet quo. Recusandae ex voluptas et at quos rem officiis. Soluta magni sit et sed et. Natus ipsum ut ullam ut.', 182, 0, 8, '2019-04-23 12:31:31', '2019-04-23 12:31:31'),
(38, 'eum', 'Aut nam sequi repellat est. Temporibus eius totam porro est consequuntur. Repellendus debitis voluptate eos voluptas debitis est voluptatum.', 397, 7, 11, '2019-04-23 12:31:31', '2019-04-23 12:31:31'),
(39, 'laboriosam', 'Molestiae quis et voluptas qui asperiores. Vel maiores nostrum vero quia voluptatibus aut. Non hic ut et aut aut quia.', 149, 9, 11, '2019-04-23 12:31:31', '2019-04-23 12:31:31'),
(40, 'eligendi', 'Molestias asperiores est accusantium rerum ea molestiae et. Dolor doloremque animi rerum et. Similique autem quas et sit sed hic vero ratione.', 184, 2, 8, '2019-04-23 12:31:31', '2019-04-23 12:31:31'),
(41, 'veniam', 'Rem at accusantium et expedita et est. Eligendi et labore nobis labore ducimus saepe dolorum. Molestias incidunt consectetur aperiam ducimus rerum. At omnis sunt voluptates quis fugit reiciendis.', 339, 3, 11, '2019-04-23 12:31:31', '2019-04-23 12:31:31'),
(42, 'et', 'Impedit velit quos mollitia aut possimus. Beatae perferendis sunt ex magni reprehenderit nesciunt dolor. Cupiditate exercitationem cumque deserunt esse totam in consequatur illum.', 859, 4, 9, '2019-04-23 12:31:31', '2019-04-23 12:31:31'),
(43, 'molestiae', 'Deserunt laudantium sit aut asperiores inventore voluptas. Perferendis ex delectus suscipit totam autem sint. Eos perferendis debitis aliquid. Tenetur sunt mollitia ullam incidunt incidunt eligendi.', 367, 9, 23, '2019-04-23 12:31:31', '2019-04-23 12:31:31'),
(44, 'ducimus', 'Corporis et eius suscipit rerum earum. Vero est mollitia optio est consequatur itaque dolorem nesciunt. Tenetur velit quo ad maxime culpa quis. Earum corrupti aliquam quaerat sed qui nobis.', 350, 1, 5, '2019-04-23 12:31:31', '2019-04-23 12:31:31'),
(45, 'vitae', 'Vitae placeat totam veritatis quis tempora. Debitis ut qui labore. Nobis quibusdam sunt delectus enim animi. Quam qui ullam hic quae consectetur tempora ullam enim.', 285, 9, 13, '2019-04-23 12:31:31', '2019-04-23 12:31:31'),
(46, 'et', 'Labore et voluptatibus fugit dolorem. Quia atque sit et saepe delectus veritatis. Qui consequuntur numquam repellat voluptatibus. Repellendus praesentium repellat est quo.', 631, 3, 9, '2019-04-23 12:31:31', '2019-04-23 12:31:31'),
(47, 'facere', 'Eos doloremque aspernatur fugiat iste architecto. Quia dolores quaerat dolorum culpa sint laudantium. Dolorem ut odit quia minima ut repellat.', 382, 3, 25, '2019-04-23 12:31:31', '2019-04-23 12:31:31'),
(48, 'molestias', 'Aut molestiae sit voluptatem. Cupiditate et quia voluptas nobis consequatur suscipit aut recusandae. Quaerat facilis eum consequatur porro. Quisquam necessitatibus qui cum dolore corporis iste magnam.', 348, 9, 30, '2019-04-23 12:31:31', '2019-04-23 12:31:31'),
(49, 'et', 'Iusto odit officia dolorem nisi. Veritatis et repellat incidunt cupiditate fuga et. Dolorem minima odit qui sunt delectus praesentium.', 439, 3, 9, '2019-04-23 12:31:31', '2019-04-23 12:31:31'),
(50, 'exercitationem', 'Suscipit non in quasi tenetur sint dolore in blanditiis. Dolorum repellendus voluptatibus eligendi omnis unde. Qui nostrum suscipit et commodi. Nulla nam alias tenetur ipsa aspernatur tempore dicta.', 204, 9, 19, '2019-04-23 12:31:31', '2019-04-23 12:31:31');

-- --------------------------------------------------------

--
-- Table structure for table `reviews`
--

DROP TABLE IF EXISTS `reviews`;
CREATE TABLE IF NOT EXISTS `reviews` (
  `id` bigint(20) UNSIGNED NOT NULL AUTO_INCREMENT,
  `product_id` int(10) UNSIGNED NOT NULL,
  `customer` varchar(191) COLLATE utf8mb4_unicode_ci NOT NULL,
  `review` text COLLATE utf8mb4_unicode_ci NOT NULL,
  `star` int(11) NOT NULL,
  `created_at` timestamp NULL DEFAULT NULL,
  `updated_at` timestamp NULL DEFAULT NULL,
  PRIMARY KEY (`id`),
  KEY `reviews_product_id_index` (`product_id`)
) ENGINE=MyISAM AUTO_INCREMENT=301 DEFAULT CHARSET=utf8mb4 COLLATE=utf8mb4_unicode_ci;

--
-- Dumping data for table `reviews`
--

INSERT INTO `reviews` (`id`, `product_id`, `customer`, `review`, `star`, `created_at`, `updated_at`) VALUES
(1, 13, 'Rico Borer', 'Sunt non eligendi porro. Ea eos iusto ex error. Possimus consequatur animi velit quia. Quo et cum deserunt dignissimos esse corrupti et.', 1, '2019-04-23 12:31:32', '2019-04-23 12:31:32'),
(2, 30, 'Marina Davis Jr.', 'Et ipsum voluptates dolor. Voluptates deleniti ex ea optio quia non. Earum vel tenetur aspernatur amet rem itaque. Neque quia voluptas pariatur ex dignissimos ipsum dolor.', 5, '2019-04-23 12:31:32', '2019-04-23 12:31:32'),
(3, 6, 'Ari Kling', 'Necessitatibus minima fugiat ducimus enim exercitationem libero. Ipsam et veritatis numquam omnis. Et possimus earum ut possimus. Quidem quia deserunt est voluptatem.', 2, '2019-04-23 12:31:32', '2019-04-23 12:31:32'),
(4, 8, 'Marquise Hegmann III', 'Nihil quas est nihil sunt est totam iure sit. Eaque ut omnis esse qui quisquam voluptas nulla.', 1, '2019-04-23 12:31:32', '2019-04-23 12:31:32'),
(5, 50, 'Eric Crist', 'Dolor eos alias similique quaerat laboriosam recusandae distinctio. Commodi eius deserunt consectetur mollitia qui consectetur. Eum debitis officia et dolor illo. Aspernatur animi qui ab et quia officiis.', 4, '2019-04-23 12:31:32', '2019-04-23 12:31:32'),
(6, 24, 'Rebekah Adams', 'Quae deleniti iusto rerum enim id illum est. Laudantium temporibus rerum deleniti non molestias et enim. Neque incidunt officiis laudantium quas provident facere.', 2, '2019-04-23 12:31:32', '2019-04-23 12:31:32'),
(7, 32, 'Mortimer Klocko', 'Beatae nisi ea aut. Temporibus et tempora ipsam repellat qui. Voluptatem explicabo sed in aut sed saepe.', 2, '2019-04-23 12:31:32', '2019-04-23 12:31:32'),
(8, 3, 'Keeley Carter', 'Autem est ut repellat iusto ad voluptas quo laudantium. Placeat eius ipsum ratione. At ipsum veritatis aut itaque optio quibusdam et. Nihil repellendus odit aliquam et consequuntur ipsum.', 3, '2019-04-23 12:31:32', '2019-04-23 12:31:32'),
(9, 12, 'Esperanza Haley', 'Dolorum dolorum distinctio earum architecto officia et. Accusantium asperiores culpa praesentium iste. Laudantium eum est eveniet et dolorum ab aut.', 0, '2019-04-23 12:31:32', '2019-04-23 12:31:32'),
(10, 43, 'Terry Parisian', 'Cupiditate optio a et nihil optio est. Quia est quod incidunt. Quae sed veritatis eos repudiandae.', 3, '2019-04-23 12:31:32', '2019-04-23 12:31:32'),
(11, 4, 'Devin Reinger', 'Suscipit recusandae dolor quo explicabo vitae et hic. Error harum beatae deleniti. Placeat consequatur ut nobis sunt assumenda ex eos corporis.', 5, '2019-04-23 12:31:32', '2019-04-23 12:31:32'),
(12, 21, 'Guy Dicki', 'Omnis possimus quaerat culpa praesentium odit. Sit deleniti mollitia est molestiae deleniti maiores incidunt quis. Non quia dolorem sit facilis necessitatibus nihil nam consequuntur.', 1, '2019-04-23 12:31:32', '2019-04-23 12:31:32'),
(13, 7, 'Prof. Garrison Muller Sr.', 'Aut temporibus reiciendis deleniti illo. Similique optio possimus tempore expedita ut. Enim veritatis consequuntur modi corrupti suscipit omnis recusandae quam. Dolor rerum sunt natus voluptas sunt pariatur.', 2, '2019-04-23 12:31:32', '2019-04-23 12:31:32'),
(14, 5, 'Dr. Erwin Langosh Sr.', 'Consequatur perferendis vel adipisci. Quia odit sit iste laudantium. Consectetur porro quas nobis quaerat iusto sed sit. Ut id reprehenderit blanditiis.', 0, '2019-04-23 12:31:32', '2019-04-23 12:31:32'),
(15, 26, 'Norene Smitham', 'Quae aliquid nulla excepturi similique. Dolorem unde possimus odio quibusdam enim non possimus.', 2, '2019-04-23 12:31:32', '2019-04-23 12:31:32'),
(16, 6, 'Prof. Britney Buckridge', 'Laboriosam sed eos sit possimus soluta esse recusandae. Iusto earum qui impedit. Asperiores quia molestiae repudiandae a officiis praesentium.', 1, '2019-04-23 12:31:32', '2019-04-23 12:31:32'),
(17, 32, 'Prof. Russel Leuschke', 'Iste sed explicabo et et non deleniti. Qui delectus deserunt et reprehenderit ullam dolorem. Quisquam amet voluptates eaque odit. Eos totam fugiat sed asperiores.', 1, '2019-04-23 12:31:32', '2019-04-23 12:31:32'),
(18, 15, 'Dr. Amya Boehm', 'Eligendi asperiores sit corrupti ipsum. Omnis neque veritatis eum minus aut autem voluptas. Qui quo eius ducimus. Vitae hic nobis explicabo aliquid qui ut.', 2, '2019-04-23 12:31:32', '2019-04-23 12:31:32'),
(19, 17, 'Evelyn McClure', 'Sunt distinctio delectus quidem nihil. Aperiam ut dolorem cupiditate voluptatibus at sunt nesciunt. Quasi quo est qui. Ut consectetur facere provident rerum et.', 1, '2019-04-23 12:31:32', '2019-04-23 12:31:32'),
(20, 3, 'Ashlynn Kerluke', 'Placeat laudantium eius voluptatibus delectus voluptatibus delectus expedita minus. Ea enim animi rerum magnam possimus vel modi. Sit hic eos et libero quae.', 4, '2019-04-23 12:31:32', '2019-04-23 12:31:32'),
(21, 41, 'Ms. Maeve O\'Conner', 'Voluptate amet facilis distinctio quia accusantium eos veritatis et. Quas eaque laboriosam quod iusto non et nesciunt recusandae. Perferendis ut sint placeat ut dolore eos harum. Consequuntur aliquam minus ipsa amet.', 5, '2019-04-23 12:31:32', '2019-04-23 12:31:32'),
(22, 21, 'Ms. Shania Grimes Jr.', 'Sed laboriosam quod asperiores ut. Omnis laborum quia deleniti odit illo id facere. Debitis velit porro architecto quae nesciunt aut ea.', 0, '2019-04-23 12:31:32', '2019-04-23 12:31:32'),
(23, 28, 'Ms. Alisa Rolfson V', 'Fugit et ab error impedit. Molestiae itaque error ut nisi corrupti repellendus. Labore excepturi vel fugit. Autem culpa fuga nostrum enim in laborum dolorem.', 5, '2019-04-23 12:31:32', '2019-04-23 12:31:32'),
(24, 14, 'Dr. Chad Terry III', 'Exercitationem voluptatem eligendi odit possimus. Voluptas repellat dolorem voluptatem debitis commodi dolores. Ex ex officia voluptatum qui minus asperiores veritatis autem. Voluptatem sequi eius sapiente sint maxime.', 1, '2019-04-23 12:31:32', '2019-04-23 12:31:32'),
(25, 13, 'Eugenia Ledner', 'Quaerat molestias at exercitationem eaque officia voluptatem. Consequatur laudantium voluptatum eius id hic voluptates quo. Tenetur reprehenderit quia amet minima. Iure voluptate ut sed aperiam corporis nemo et.', 0, '2019-04-23 12:31:32', '2019-04-23 12:31:32'),
(26, 37, 'Aidan Robel III', 'Sed rerum et iusto rem dolor. Quisquam at aut quis. Sit et eaque vel error qui et. Ut nostrum vero sint temporibus temporibus optio saepe eius.', 1, '2019-04-23 12:31:32', '2019-04-23 12:31:32'),
(27, 42, 'Prof. Verda Herzog', 'Debitis voluptatem sit sint odio et magni. Qui voluptate repellendus excepturi odio rerum totam voluptate. Aperiam voluptas illum quia. Quam fugiat id nam necessitatibus sed aliquam rerum voluptas.', 4, '2019-04-23 12:31:32', '2019-04-23 12:31:32'),
(28, 29, 'Dino White', 'Delectus molestias et sed iusto sed aut. Et nostrum aut quia autem impedit quae quam. Voluptatem maxime deleniti eius enim et aspernatur nihil. Aut quas tempore enim animi quo voluptas voluptatem.', 0, '2019-04-23 12:31:32', '2019-04-23 12:31:32'),
(29, 50, 'Fatima Heathcote', 'Sint ipsum commodi quis fugiat architecto similique excepturi eum. Voluptatem corrupti nihil vel qui vel non quo. Perspiciatis hic et soluta sapiente at.', 4, '2019-04-23 12:31:32', '2019-04-23 12:31:32'),
(30, 26, 'Marley Senger', 'Consequuntur qui et fuga voluptas. Consequatur vero quaerat et voluptatem. Ipsum dolores sequi debitis est.', 5, '2019-04-23 12:31:32', '2019-04-23 12:31:32'),
(31, 39, 'Madisyn Kuvalis', 'Excepturi quas ea aut cumque labore. Eum quis sequi ea itaque maxime enim. Omnis ut debitis sequi tempore. Qui totam quisquam rem quisquam omnis beatae amet.', 3, '2019-04-23 12:31:32', '2019-04-23 12:31:32'),
(32, 9, 'Bert Kling', 'Eos nobis ad et qui est aliquid consequatur. Dolores nihil qui voluptatem culpa cupiditate vero illum et. Quaerat repellendus beatae voluptatibus asperiores rerum.', 2, '2019-04-23 12:31:32', '2019-04-23 12:31:32'),
(33, 1, 'Clinton Collins I', 'Laudantium laudantium sed accusamus et accusantium deleniti ut. Velit eos dolor sapiente eum eum dolores ut sed. Aliquam aut voluptatum tenetur earum enim ratione. Quia rem corporis doloribus voluptates enim perferendis. Ut non dolore eos.', 5, '2019-04-23 12:31:32', '2019-04-23 12:31:32'),
(34, 8, 'Mr. Javonte Denesik II', 'Cupiditate alias eaque voluptas incidunt facere earum non. Aut reprehenderit aut ea iusto odio. Molestiae rerum accusantium molestiae aut. Ipsum quo autem hic dolor error.', 0, '2019-04-23 12:31:32', '2019-04-23 12:31:32'),
(35, 25, 'Dr. Kade Weimann III', 'Atque unde in a facere. Magni corrupti consequatur occaecati rem aut repellat. Consequatur ullam in tenetur nulla impedit voluptatibus perferendis.', 5, '2019-04-23 12:31:32', '2019-04-23 12:31:32'),
(36, 10, 'Fleta Wisozk I', 'Ducimus quod fuga aut totam voluptate fuga qui magnam. Asperiores exercitationem perferendis excepturi id dolorem sit rerum. Laudantium delectus et blanditiis error dolor tenetur. Sit molestiae incidunt commodi perspiciatis reiciendis sequi ea.', 0, '2019-04-23 12:31:32', '2019-04-23 12:31:32'),
(37, 40, 'Prof. Charlotte Smith', 'Praesentium aut totam architecto dolor molestiae qui. Dignissimos totam neque facere cumque veniam qui voluptatibus.', 0, '2019-04-23 12:31:32', '2019-04-23 12:31:32'),
(38, 20, 'Keon Kautzer', 'Vel maxime iure reiciendis voluptates a ut. Voluptatum veritatis et totam omnis error quia saepe. Ut asperiores est nisi velit.', 0, '2019-04-23 12:31:32', '2019-04-23 12:31:32'),
(39, 45, 'Hardy Ziemann', 'Rem aut ab aut sit eveniet. Ut distinctio totam natus velit. Dolore iure quae iure a. Eum aut ipsam sequi aperiam sit dolor et.', 3, '2019-04-23 12:31:32', '2019-04-23 12:31:32'),
(40, 4, 'Jillian Paucek', 'Iure aut natus commodi aut a. Quia vero quos et nisi. Mollitia sunt sapiente corrupti ut reprehenderit ut. Ut esse illo minima.', 0, '2019-04-23 12:31:32', '2019-04-23 12:31:32'),
(41, 1, 'Prof. Maritza Schultz IV', 'Adipisci ipsa quisquam consequatur laudantium magnam. Dolorem voluptas sunt vel. In eligendi aliquam laboriosam in asperiores.', 4, '2019-04-23 12:31:32', '2019-04-23 12:31:32'),
(42, 3, 'Jaquelin Rutherford PhD', 'Blanditiis autem quidem sunt adipisci in eos. Eveniet sequi consectetur in aut molestiae ab. Nostrum eveniet sint aperiam quia.', 0, '2019-04-23 12:31:32', '2019-04-23 12:31:32'),
(43, 30, 'Mr. Philip Hyatt', 'Similique dolores consequatur ipsum et. Vitae tempora autem illo consequatur rerum a autem. Ut reprehenderit cumque impedit veritatis sint et. Est vitae quas facere quibusdam voluptatibus et ab.', 3, '2019-04-23 12:31:32', '2019-04-23 12:31:32'),
(44, 50, 'Prof. Darrell Thiel Jr.', 'Saepe eum beatae sunt labore sit deleniti aut. Eum aut debitis incidunt at dolorem est suscipit. Quis consectetur dolore iusto doloremque. Nesciunt sunt saepe quo perferendis est.', 4, '2019-04-23 12:31:32', '2019-04-23 12:31:32'),
(45, 41, 'Ms. Lorna Harber', 'Sed modi sunt omnis fuga nostrum sunt. Eos explicabo non assumenda cumque temporibus a earum illum. Vero omnis quibusdam nihil quibusdam dolores ullam.', 5, '2019-04-23 12:31:32', '2019-04-23 12:31:32'),
(46, 40, 'Travis Aufderhar DVM', 'Rem sint necessitatibus quis assumenda. Expedita aut vero officiis qui. Nobis itaque earum ex enim est voluptatibus officia.', 2, '2019-04-23 12:31:32', '2019-04-23 12:31:32'),
(47, 30, 'Prof. Kiera Stamm MD', 'Qui nihil voluptatem soluta autem et. Distinctio quasi sint dignissimos dicta eveniet quas quis enim. Velit dolores qui quia dicta rerum. Quia in incidunt voluptatum veritatis.', 5, '2019-04-23 12:31:32', '2019-04-23 12:31:32'),
(48, 12, 'Miss Willie Smitham PhD', 'Sapiente aut et ipsum reprehenderit accusamus. Ea aut maiores similique consequuntur soluta molestiae vel. Nisi nobis quo et aut nesciunt.', 1, '2019-04-23 12:31:32', '2019-04-23 12:31:32'),
(49, 32, 'Rosemary Zemlak', 'Laudantium eos saepe vero. Repellat blanditiis cum sit recusandae nulla. Veritatis tempore sit provident iure rem.', 1, '2019-04-23 12:31:32', '2019-04-23 12:31:32'),
(50, 40, 'Josiah Ryan', 'Possimus omnis veritatis quam perspiciatis debitis optio. Ut nulla et consequatur et minus nulla dolore. Rerum ut nulla ullam libero officia ducimus omnis. Ullam ut facere cupiditate mollitia dolor.', 5, '2019-04-23 12:31:32', '2019-04-23 12:31:32'),
(51, 50, 'Lenore Hamill', 'Non quisquam dicta nisi odit. Dicta occaecati ipsa sunt id esse. Voluptates eius quia maiores. Ullam porro quia aspernatur rerum quis cum aut.', 3, '2019-04-23 12:31:32', '2019-04-23 12:31:32'),
(52, 25, 'Prof. Junius Reichel PhD', 'Id facilis voluptas debitis asperiores aperiam fugit ut dolorum. Voluptate nobis ullam dolor qui. Aut a alias fuga in dolorem itaque adipisci.', 0, '2019-04-23 12:31:32', '2019-04-23 12:31:32'),
(53, 19, 'Jaylen Steuber', 'Repudiandae aliquid nisi sed provident modi ex quia. Temporibus et atque tenetur quam dolor qui nostrum ipsum. Reiciendis rerum dolor veritatis sunt.', 2, '2019-04-23 12:31:32', '2019-04-23 12:31:32'),
(54, 33, 'Mr. Pablo Hane', 'Explicabo et asperiores et voluptas reprehenderit possimus. Dicta qui assumenda at exercitationem deleniti tempora dicta. Sint quod eum debitis quis mollitia accusantium tempora eum. Rem laborum laborum culpa qui quia minima.', 0, '2019-04-23 12:31:32', '2019-04-23 12:31:32'),
(55, 34, 'Cara Dietrich', 'Sit est qui est maxime est deleniti. Repellendus dignissimos veniam consequatur qui vitae est quaerat. In exercitationem et architecto amet. Molestiae est non voluptas fuga doloremque est et.', 1, '2019-04-23 12:31:32', '2019-04-23 12:31:32'),
(56, 48, 'Ariel Barton PhD', 'Hic omnis quia reiciendis commodi. Molestias sint veniam fuga asperiores ipsum. Laborum laudantium et non non a esse ut. Et adipisci et enim nihil temporibus fugit ut eveniet. Quae dolor dignissimos ut mollitia autem alias quod aut.', 3, '2019-04-23 12:31:32', '2019-04-23 12:31:32'),
(57, 44, 'Ms. Edythe Thompson Jr.', 'Vero itaque aut et. Labore cupiditate saepe in dolores saepe praesentium sed. Est perspiciatis mollitia rerum sed non consequatur ea. Soluta exercitationem placeat et earum sit ad.', 4, '2019-04-23 12:31:32', '2019-04-23 12:31:32'),
(58, 1, 'Napoleon Bauch DDS', 'Saepe unde similique impedit eius soluta. Eos cum sunt laborum quasi occaecati esse.', 2, '2019-04-23 12:31:32', '2019-04-23 12:31:32'),
(59, 3, 'Mrs. Abagail Harvey', 'Ullam velit perspiciatis quod omnis. Illo eos est veniam fuga consequatur. Ut eligendi quia consequatur eligendi laboriosam.', 2, '2019-04-23 12:31:32', '2019-04-23 12:31:32'),
(60, 46, 'Christelle Batz', 'Sunt cumque error inventore reprehenderit laboriosam est tempore. Pariatur quis saepe error aut repellat dolorem. Quasi qui vero iure repellat nulla non. Incidunt facilis sed facere ipsa.', 4, '2019-04-23 12:31:32', '2019-04-23 12:31:32'),
(61, 5, 'Hannah Beier', 'Repellat itaque quis rerum vero. Commodi molestias est omnis omnis ut et. Cumque quaerat blanditiis sunt non autem quia. Magni quam cumque atque magnam et sapiente molestias soluta.', 4, '2019-04-23 12:31:32', '2019-04-23 12:31:32'),
(62, 11, 'Maria Weber II', 'Iste aperiam nobis necessitatibus molestiae sit ab aut autem. Ut quam quia ducimus quisquam voluptatem quia veritatis corporis. Blanditiis ut earum quia quasi earum. Quia omnis eos magni voluptas eius et est.', 4, '2019-04-23 12:31:32', '2019-04-23 12:31:32'),
(63, 45, 'Mr. Martin Stracke', 'Dolorem animi voluptas vel et error et. Atque ab et sit sunt labore. Non minus tenetur et et id consequuntur.', 2, '2019-04-23 12:31:32', '2019-04-23 12:31:32'),
(64, 18, 'Mrs. Jeanne Kihn MD', 'Placeat natus repudiandae eaque. Earum voluptas impedit sapiente. Eum et repellat ullam minima quis. Praesentium laborum voluptatem qui doloremque quia amet.', 2, '2019-04-23 12:31:32', '2019-04-23 12:31:32'),
(65, 30, 'Russel Heidenreich', 'Voluptates minus deserunt consequatur. Nam ut accusamus sit ut. Sed et tenetur possimus. Harum rerum voluptatibus voluptatem consequatur omnis recusandae perferendis.', 4, '2019-04-23 12:31:32', '2019-04-23 12:31:32'),
(66, 44, 'Prof. Dylan Terry DDS', 'Et quo et sequi cumque neque qui voluptatem. Eius laboriosam alias omnis necessitatibus facilis. Modi sint nisi et architecto aut.', 3, '2019-04-23 12:31:32', '2019-04-23 12:31:32'),
(67, 50, 'Miss Alanis Trantow', 'Quia sunt qui id nisi laborum accusamus at. Deserunt velit nemo similique. Quasi earum rem sit maxime. Tempora facilis voluptatem facilis est quam.', 3, '2019-04-23 12:31:32', '2019-04-23 12:31:32'),
(68, 11, 'Reed Paucek', 'Est voluptas odit pariatur unde sint asperiores. Illum dolor dolorem voluptas reiciendis. Dolor consequatur quod rem et accusamus soluta quae. Ea non assumenda perferendis qui commodi error.', 0, '2019-04-23 12:31:32', '2019-04-23 12:31:32'),
(69, 5, 'Edythe Predovic', 'Voluptas iste quia alias dolor error necessitatibus quae eaque. Consequatur ea labore est alias. Fugiat voluptatum architecto ut reprehenderit.', 0, '2019-04-23 12:31:32', '2019-04-23 12:31:32'),
(70, 40, 'Meredith Predovic', 'Eum fugit molestias qui blanditiis repellendus error assumenda. Id optio aut omnis autem corrupti totam distinctio est. Officia odit odit nihil sit a iure reiciendis. Et dolorem qui doloremque aliquam hic accusamus.', 4, '2019-04-23 12:31:32', '2019-04-23 12:31:32'),
(71, 2, 'Camylle Will', 'Id esse amet in voluptas et quasi dolorem. Ut quas eum rerum. Molestias molestiae perspiciatis atque omnis ratione aut.', 2, '2019-04-23 12:31:32', '2019-04-23 12:31:32'),
(72, 12, 'Joel Koepp', 'Id vel magni consequatur in sint et vel natus. Dolores accusantium numquam vel aliquam. Corporis recusandae in voluptatem sapiente.', 0, '2019-04-23 12:31:32', '2019-04-23 12:31:32'),
(73, 20, 'Melissa Adams', 'Illum aut inventore qui. Accusantium praesentium qui nobis velit et. Laudantium nam sit velit ullam.', 4, '2019-04-23 12:31:32', '2019-04-23 12:31:32'),
(74, 42, 'Taya Macejkovic', 'Et vel asperiores cumque molestias sit qui culpa. Quo ipsa adipisci est accusamus est earum. Facere et magnam dolor totam quae consequuntur quia. Recusandae sapiente et in aliquid voluptas dolor voluptas.', 1, '2019-04-23 12:31:32', '2019-04-23 12:31:32'),
(75, 36, 'Dr. Isaiah Kuvalis', 'Laborum velit dolor veritatis voluptatibus occaecati. Aut odio ut qui fugiat. Voluptatum rem nulla velit vel nisi.', 2, '2019-04-23 12:31:32', '2019-04-23 12:31:32'),
(76, 10, 'Prof. Shaylee Boyle', 'Quos qui magni nisi in corporis non nam. Dolor dolores qui exercitationem qui. Saepe recusandae ea totam qui.', 0, '2019-04-23 12:31:32', '2019-04-23 12:31:32'),
(77, 12, 'Burley Bahringer', 'Quam ipsa impedit et dignissimos a soluta. Quia et possimus totam eaque voluptas fugiat voluptatibus. Voluptatibus quia tempore molestias repellat doloremque enim officia.', 5, '2019-04-23 12:31:32', '2019-04-23 12:31:32'),
(78, 7, 'Alf Lindgren', 'Et reprehenderit placeat ullam et voluptatem id pariatur. Quaerat enim dolores provident est ipsum nulla commodi maiores. Neque illo laudantium eum vel.', 3, '2019-04-23 12:31:32', '2019-04-23 12:31:32'),
(79, 16, 'Eunice Robel', 'Minus et perferendis quos voluptates mollitia. Molestiae reprehenderit aut dolor et et quo. Possimus ad est et non provident eos.', 5, '2019-04-23 12:31:32', '2019-04-23 12:31:32'),
(80, 35, 'Jerad Dibbert', 'Eius fugiat qui aut quia eius atque eos aliquid. Neque et iusto ut ab. Autem dolorum illum qui. Alias eligendi ipsum repellat incidunt ut harum.', 0, '2019-04-23 12:31:32', '2019-04-23 12:31:32'),
(81, 15, 'German Schuster', 'Enim suscipit harum quo eum consequuntur porro vel. Sed ullam distinctio occaecati nobis.', 4, '2019-04-23 12:31:32', '2019-04-23 12:31:32'),
(82, 3, 'Minnie Stokes', 'Reiciendis eum quo eaque impedit vero et. Et nesciunt minima voluptatem accusantium dicta. Est porro temporibus ipsam delectus enim hic fuga. Est in maiores blanditiis impedit. Commodi quae sed earum dolorem.', 0, '2019-04-23 12:31:32', '2019-04-23 12:31:32'),
(83, 31, 'Mr. Darwin Heller', 'Maxime molestiae similique iusto inventore earum. Sed possimus consequuntur accusantium qui. Ab sit et ratione enim quas beatae consequatur.', 1, '2019-04-23 12:31:32', '2019-04-23 12:31:32'),
(84, 38, 'Bella Crona', 'Illo tempora expedita vitae ut expedita repellendus dolorem. Et beatae molestiae consequatur enim et qui. Est at qui non consequuntur voluptatibus impedit distinctio. Sunt id totam laborum molestiae.', 4, '2019-04-23 12:31:32', '2019-04-23 12:31:32'),
(85, 19, 'Jace Fisher', 'Pariatur exercitationem et in aut ut. Dolores aut consequatur rerum. Eligendi asperiores eum sed ut veniam dolorem pariatur.', 5, '2019-04-23 12:31:32', '2019-04-23 12:31:32'),
(86, 16, 'Deshaun Sawayn', 'Quia vitae explicabo accusamus autem. Quidem magni velit inventore ut.', 2, '2019-04-23 12:31:32', '2019-04-23 12:31:32'),
(87, 9, 'Precious Hagenes', 'Nesciunt eius et ducimus. Ipsum omnis magni rerum sit officiis. Placeat libero adipisci minima.', 3, '2019-04-23 12:31:32', '2019-04-23 12:31:32'),
(88, 32, 'Dr. Serena Konopelski', 'At quia nisi inventore voluptate sequi et aut. Ipsum adipisci qui magni deleniti excepturi ad. Et dolores modi iste consequatur cupiditate cupiditate voluptate.', 4, '2019-04-23 12:31:32', '2019-04-23 12:31:32'),
(89, 29, 'Shannon Nienow', 'Ea sit consectetur quia velit repellat ut dolor atque. Neque repellendus et maiores sunt. Quia est dolor quidem architecto sit neque dolor. Et quos dolor quo vero rerum laudantium asperiores.', 3, '2019-04-23 12:31:32', '2019-04-23 12:31:32'),
(90, 21, 'Davion Larson', 'Explicabo eligendi a fugit et dolores. Cupiditate sunt sint voluptatem molestiae. Nihil iure magni voluptates nobis beatae et ipsa inventore.', 2, '2019-04-23 12:31:32', '2019-04-23 12:31:32'),
(91, 39, 'Alfreda Blick', 'Et nulla doloribus omnis et aut. Enim beatae sint voluptatem et quod. Vero quis et et est incidunt. Omnis ut ut qui nisi.', 4, '2019-04-23 12:31:32', '2019-04-23 12:31:32'),
(92, 28, 'Alyce Ritchie', 'In velit tempora illo consequatur excepturi. Est aut ratione molestias et quo non beatae. In dolorum laudantium inventore aperiam dolore sunt eum.', 1, '2019-04-23 12:31:32', '2019-04-23 12:31:32'),
(93, 48, 'Leonie McDermott', 'At praesentium voluptatem quis voluptatem. Repudiandae rerum temporibus qui quod aut repudiandae. Voluptatem harum qui illum facere aut.', 5, '2019-04-23 12:31:32', '2019-04-23 12:31:32'),
(94, 14, 'Mack Bartoletti DDS', 'Sunt ea consequatur ipsam vel praesentium nostrum. Eos totam eaque voluptatem possimus repellat commodi. Quos minima voluptatem voluptatem itaque quaerat quo pariatur. In illum quisquam dolorem molestiae et non.', 2, '2019-04-23 12:31:32', '2019-04-23 12:31:32'),
(95, 18, 'Layne Brakus', 'Illo ipsum dicta aliquid quis. Enim consequatur aut amet at. Quam saepe numquam amet ratione vel error aut aut. Dolores beatae quaerat adipisci est doloremque magnam vero nostrum.', 4, '2019-04-23 12:31:32', '2019-04-23 12:31:32'),
(96, 42, 'Jewell Mohr', 'Voluptatum consequatur natus itaque rerum et tempore sed. Cumque laudantium vero iusto rerum aut voluptatem tenetur. Ipsam voluptas ut eum ut aspernatur.', 2, '2019-04-23 12:31:32', '2019-04-23 12:31:32'),
(97, 42, 'Kelli Goodwin', 'At sint consequatur consectetur nobis corporis dicta quo. Vel nihil suscipit voluptatem aperiam ullam aliquid. Repellat ullam voluptas exercitationem minus possimus.', 1, '2019-04-23 12:31:32', '2019-04-23 12:31:32'),
(98, 2, 'Jeromy Howe', 'Totam sint eaque ab consequatur. Autem excepturi modi perspiciatis quia quod. Id aliquid veritatis similique tempora. Debitis quod cupiditate itaque magnam aut voluptatum asperiores.', 0, '2019-04-23 12:31:32', '2019-04-23 12:31:32'),
(99, 47, 'Guillermo Powlowski', 'Ab ut harum accusamus adipisci. Esse dolores architecto ut corporis mollitia. Minima qui occaecati eos provident. Iure assumenda sed sunt ab et iste.', 5, '2019-04-23 12:31:32', '2019-04-23 12:31:32'),
(100, 37, 'Juliet Adams', 'Nihil illo ut placeat at. Quae placeat modi maiores quo assumenda quos aperiam et. Ut vel quam in et in officia commodi.', 1, '2019-04-23 12:31:32', '2019-04-23 12:31:32'),
(101, 47, 'Dr. Gonzalo Hamill PhD', 'Eum cum et dolorem eum sunt. Qui est sequi explicabo pariatur cum rerum quis. In amet maiores qui vel saepe laudantium. Esse deserunt sint sapiente et ipsam.', 1, '2019-04-23 12:31:32', '2019-04-23 12:31:32'),
(102, 17, 'Ms. Meta Herman III', 'Aperiam deleniti dolores accusamus et. Aut tempore vitae aut ducimus. Reprehenderit in est consequatur. Voluptas alias sed dolor quas.', 1, '2019-04-23 12:31:32', '2019-04-23 12:31:32'),
(103, 10, 'Dr. Richie Gusikowski', 'Consectetur magnam et soluta non itaque. Dolores omnis atque quisquam similique. Accusamus voluptas nulla id.', 5, '2019-04-23 12:31:32', '2019-04-23 12:31:32'),
(104, 24, 'Dawn Flatley', 'Corrupti explicabo vel dignissimos temporibus suscipit. Ea facilis nemo voluptate molestiae aut. Vitae quod nulla eius similique. Enim atque eum ut enim sequi consequatur voluptas.', 3, '2019-04-23 12:31:32', '2019-04-23 12:31:32'),
(105, 29, 'Prof. Donato Bosco II', 'Quaerat doloribus consequatur at voluptatem ut. Perspiciatis voluptatem unde consequuntur sed est. Doloremque dolore et nihil fuga culpa. Quidem possimus autem eligendi recusandae perferendis qui. Sunt et assumenda aut maxime.', 5, '2019-04-23 12:31:32', '2019-04-23 12:31:32'),
(106, 12, 'Max Schmidt', 'Repudiandae vitae sed deserunt voluptatem. Omnis ut autem similique. Debitis eos qui dolor fuga possimus fugiat. Iste incidunt nostrum aut architecto aut doloremque.', 0, '2019-04-23 12:31:32', '2019-04-23 12:31:32'),
(107, 5, 'Earline Green', 'Voluptatem et praesentium voluptatem aut architecto. Et tempore commodi itaque. Provident maiores ipsum aut.', 5, '2019-04-23 12:31:32', '2019-04-23 12:31:32'),
(108, 5, 'Parker Barton', 'Tempora voluptatem ut neque saepe aut quidem illo. Porro est perspiciatis totam ipsa iure reprehenderit occaecati. Totam accusamus sed reiciendis quisquam quis hic dignissimos. Autem nemo sed et voluptatem voluptatem cum.', 5, '2019-04-23 12:31:32', '2019-04-23 12:31:32'),
(109, 29, 'Prof. Arno Wiza IV', 'Reiciendis et eaque voluptatem rerum laboriosam sequi et. Quod eos laudantium enim unde. Quam sed enim odio mollitia quis unde repudiandae. Nihil facere repellendus deleniti aut.', 5, '2019-04-23 12:31:32', '2019-04-23 12:31:32'),
(110, 4, 'Anais Rath', 'Tempore et est necessitatibus omnis. Quam exercitationem et magnam quia ut iusto voluptates. Dicta iste beatae dolore id voluptatibus explicabo. Laudantium nisi aut omnis aut officia quod dignissimos.', 0, '2019-04-23 12:31:32', '2019-04-23 12:31:32'),
(111, 22, 'Mrs. Allison Jakubowski', 'Commodi aut laborum unde rerum id quia. Iure aspernatur quia adipisci ut aspernatur quis. Dolores eligendi atque fuga autem vel earum aut dolorem. Eos similique deleniti adipisci.', 2, '2019-04-23 12:31:32', '2019-04-23 12:31:32'),
(112, 15, 'Prof. Kaya Schulist', 'Qui laudantium aut et impedit eos. Accusamus mollitia perspiciatis dolorum distinctio voluptas quisquam autem. Dolorum autem velit minus tempore quibusdam est. Ut sunt aperiam nesciunt ullam fugiat.', 5, '2019-04-23 12:31:32', '2019-04-23 12:31:32'),
(113, 47, 'Mr. Delbert Blick', 'Ullam tenetur id sint aut. Culpa non iure omnis voluptates ut. Qui ut omnis qui ipsum non at.', 4, '2019-04-23 12:31:32', '2019-04-23 12:31:32'),
(114, 41, 'Mr. Alvis Wilderman DVM', 'Nostrum qui eum veniam perferendis. Distinctio eaque necessitatibus dignissimos. Dicta qui qui et sunt ullam. Reiciendis architecto id ratione odit.', 4, '2019-04-23 12:31:32', '2019-04-23 12:31:32'),
(115, 15, 'Richmond Nienow', 'Deleniti architecto sed in voluptate quo expedita. Error sit perferendis quia vel ipsum. Debitis eius totam dolorum ipsa. Tenetur est distinctio ut dolor molestiae minus animi dicta.', 5, '2019-04-23 12:31:32', '2019-04-23 12:31:32'),
(116, 16, 'Josefina Legros Sr.', 'Libero dolor pariatur facilis. Cumque velit architecto explicabo. Sit aut inventore magni quasi nam. Exercitationem vel eligendi aut. Ea autem numquam quod nisi.', 5, '2019-04-23 12:31:32', '2019-04-23 12:31:32'),
(117, 50, 'Lilly Senger', 'Velit animi at eius quos modi amet aliquid. Possimus voluptas consequatur iste molestiae. Dolore est odit architecto ut facere eligendi porro. Totam velit quibusdam ipsa ut quae magnam ut.', 1, '2019-04-23 12:31:32', '2019-04-23 12:31:32'),
(118, 37, 'Mrs. Connie Cronin', 'Nisi autem et quia soluta voluptatem. Est facilis soluta qui sint eaque. Dignissimos modi modi ea. Dolorem voluptas et itaque libero sequi.', 2, '2019-04-23 12:31:32', '2019-04-23 12:31:32'),
(119, 33, 'Bernardo Strosin', 'Delectus facilis qui sunt nam quo quidem aut voluptates. Dolor rem voluptatem occaecati. Labore consequatur aliquam at accusantium.', 5, '2019-04-23 12:31:32', '2019-04-23 12:31:32'),
(120, 14, 'Rodrigo Renner', 'Harum eveniet doloremque architecto voluptatibus. Sunt reiciendis expedita est omnis. Labore ipsa id fugit doloribus dolorem facere.', 1, '2019-04-23 12:31:32', '2019-04-23 12:31:32'),
(121, 47, 'Miss Liliane Williamson MD', 'Cupiditate maxime odio eos est nihil magnam numquam omnis. Quaerat omnis provident sint nihil. Voluptatem molestiae dicta ratione et occaecati vero.', 3, '2019-04-23 12:31:32', '2019-04-23 12:31:32'),
(122, 4, 'Glennie Mante PhD', 'Laudantium laborum quia reprehenderit quisquam sapiente. Et necessitatibus commodi ea ipsa sed itaque. Ratione et doloremque neque officia. Sunt dolores mollitia quis quia totam repudiandae aut. Sit suscipit quas ab aut.', 4, '2019-04-23 12:31:32', '2019-04-23 12:31:32'),
(123, 42, 'Janis Quigley PhD', 'Quis asperiores neque sit eum voluptatem consectetur doloremque. Distinctio dignissimos rerum vitae voluptatem adipisci aut fuga. Non et iste et debitis ut molestias non reprehenderit.', 2, '2019-04-23 12:31:32', '2019-04-23 12:31:32'),
(124, 14, 'Romaine Upton', 'Et qui et aut autem tempora impedit. Ad officiis laborum natus placeat hic tempora distinctio cum. Fugit et eum aut et eius officiis. Odio iure asperiores aut.', 5, '2019-04-23 12:31:32', '2019-04-23 12:31:32'),
(125, 20, 'Daphne Bode II', 'Voluptatem optio provident quibusdam. Temporibus sit commodi neque et. Officia placeat repudiandae quo eos dolore.', 3, '2019-04-23 12:31:32', '2019-04-23 12:31:32'),
(126, 17, 'Ansley Abshire', 'Vitae iste facilis cumque unde dolorem. Eveniet velit ut vero ullam cupiditate distinctio. Provident sit neque ratione recusandae qui sit non corporis.', 1, '2019-04-23 12:31:32', '2019-04-23 12:31:32'),
(127, 17, 'Marguerite Lakin', 'Ipsum quas optio consequuntur. Eum dolor nostrum temporibus tempora hic est repellendus. Molestiae repudiandae illo cumque maxime tenetur.', 0, '2019-04-23 12:31:32', '2019-04-23 12:31:32'),
(128, 28, 'Prof. Dessie Bechtelar', 'Non perspiciatis rerum consectetur. Et quod atque est consectetur voluptas nobis omnis. Quis accusantium magni totam dolorum. Illo pariatur sapiente sed possimus. Velit minus ea reiciendis sapiente.', 3, '2019-04-23 12:31:32', '2019-04-23 12:31:32'),
(129, 21, 'Bianka Gerhold', 'Atque consectetur blanditiis molestiae quibusdam odit id laudantium. Blanditiis maiores qui voluptates rerum in. Perspiciatis non delectus ea ab praesentium in.', 3, '2019-04-23 12:31:32', '2019-04-23 12:31:32'),
(130, 16, 'Prof. Susie Legros DVM', 'Sunt ea sunt impedit voluptas. Voluptatem assumenda adipisci sapiente ut. Qui commodi delectus eum eos labore officiis. Necessitatibus modi doloremque eaque quis ullam sequi facere.', 5, '2019-04-23 12:31:32', '2019-04-23 12:31:32'),
(131, 19, 'Dr. Molly Walter I', 'Veniam fuga nihil sed aut. Dolore delectus ipsum nostrum possimus perspiciatis consequuntur. Ut nulla qui officia ut.', 0, '2019-04-23 12:31:32', '2019-04-23 12:31:32'),
(132, 31, 'Paolo Rohan', 'Nam natus ad sint earum officia omnis. Incidunt architecto dolorum consequatur assumenda et ullam occaecati. Qui sequi ducimus quia repudiandae. Pariatur veritatis iure et quis itaque soluta. Reprehenderit voluptatem vitae praesentium voluptatum soluta sed aliquid.', 0, '2019-04-23 12:31:32', '2019-04-23 12:31:32'),
(133, 9, 'Jewel Reinger', 'Fugiat perferendis quibusdam repudiandae commodi est. Consequatur accusantium et nisi pariatur. Consequuntur voluptates error sed assumenda modi quia sit.', 5, '2019-04-23 12:31:32', '2019-04-23 12:31:32'),
(134, 3, 'Lucienne Gerlach', 'Ut accusantium quia pariatur omnis omnis et. Nulla id et nemo consequatur placeat velit minus ut. Modi iure nostrum aut laudantium quia cumque laboriosam. Nobis omnis laborum deleniti illo enim quis adipisci.', 2, '2019-04-23 12:31:32', '2019-04-23 12:31:32'),
(135, 16, 'Hassie Huel', 'Error est sit sed alias tempore. A quis quo incidunt explicabo fuga quia. Odit recusandae ut consequatur quos dicta aut sunt incidunt.', 3, '2019-04-23 12:31:32', '2019-04-23 12:31:32'),
(136, 29, 'Heber Dietrich', 'Odio reiciendis ea qui dolorem at voluptatem. Dolorem sunt accusamus reprehenderit occaecati eligendi adipisci nam. Asperiores omnis quisquam aliquam in. Illum animi itaque perferendis.', 1, '2019-04-23 12:31:32', '2019-04-23 12:31:32'),
(137, 46, 'Keara Tromp', 'Quia nemo et adipisci. Iure qui quasi sint. Cum earum tempora officiis soluta facilis. Ab blanditiis vel inventore eum.', 0, '2019-04-23 12:31:32', '2019-04-23 12:31:32'),
(138, 47, 'Mrs. Modesta Stehr', 'Perspiciatis est quas voluptatem aut dolor nesciunt. Vel aspernatur voluptatem eveniet rerum est et consectetur. Molestias qui recusandae amet vero natus. Quo et pariatur inventore totam recusandae sapiente nam.', 0, '2019-04-23 12:31:32', '2019-04-23 12:31:32'),
(139, 18, 'Bernice Schowalter', 'Qui suscipit magnam corrupti doloremque reprehenderit rerum et. Voluptatem assumenda dolor debitis id et vero. Dolorem dolores quae eveniet et fugit. Laboriosam eos consequatur eveniet itaque aut et porro sed.', 1, '2019-04-23 12:31:32', '2019-04-23 12:31:32'),
(140, 47, 'Alana Mohr Jr.', 'Voluptas quaerat voluptate et omnis hic veritatis inventore ut. Optio eveniet nostrum et vitae ex debitis. Est nihil repellat perspiciatis sed eum sunt enim magnam. Rerum aperiam consequatur sint nihil dicta est.', 0, '2019-04-23 12:31:32', '2019-04-23 12:31:32'),
(141, 50, 'Mireya Miller', 'Sit quia est iure iste aliquid ipsam ut. Natus eius magni est eligendi repudiandae reprehenderit ut. Tempore deleniti quo saepe quia amet. Earum dolorem nobis itaque est repellendus aut perferendis. Autem inventore quis delectus.', 1, '2019-04-23 12:31:32', '2019-04-23 12:31:32'),
(142, 22, 'Mr. Peyton Howe', 'Quibusdam eligendi voluptas atque placeat natus. Et est consectetur nisi nam unde et beatae. Ratione totam ipsam voluptates soluta.', 5, '2019-04-23 12:31:32', '2019-04-23 12:31:32'),
(143, 47, 'Percival Borer V', 'Officiis omnis mollitia voluptatem facilis. Sed qui voluptates qui quo fugiat. Itaque ut rerum veritatis ipsam enim sint quae tenetur. Aspernatur voluptatem dolorem necessitatibus quibusdam voluptatem error quod.', 3, '2019-04-23 12:31:32', '2019-04-23 12:31:32'),
(144, 21, 'Kirsten Barrows', 'Recusandae vel ullam dicta labore. Sed sed commodi facere quis quos. Ratione tempora et tempora.', 1, '2019-04-23 12:31:32', '2019-04-23 12:31:32'),
(145, 25, 'Haskell O\'Keefe III', 'Sunt excepturi aut dolorem possimus quis nostrum nobis. Praesentium non perferendis omnis maiores voluptate accusantium neque.', 4, '2019-04-23 12:31:32', '2019-04-23 12:31:32'),
(146, 25, 'Prof. Anabelle Roberts Jr.', 'Minima at suscipit neque ut maiores quia laborum. Quaerat ipsam vel cumque eum ea. Beatae quos pariatur in nesciunt corrupti sint sit. Reiciendis est sit quos fugit.', 0, '2019-04-23 12:31:32', '2019-04-23 12:31:32'),
(147, 2, 'Yoshiko West III', 'Praesentium ut quam ullam libero. Minus cum dolor vel nihil vero et aut aut. Est autem quasi laborum nihil perferendis. Labore aspernatur beatae expedita ut quis sapiente.', 1, '2019-04-23 12:31:32', '2019-04-23 12:31:32'),
(148, 30, 'Willa Kuhlman Sr.', 'Aliquam et eveniet odit et. Nobis dolor vel dolorem sapiente quia quia voluptatem. Dolorem corporis consequatur voluptates veritatis quia. Neque ratione saepe autem quaerat.', 5, '2019-04-23 12:31:32', '2019-04-23 12:31:32'),
(149, 18, 'Verna Halvorson', 'Dolor aliquam voluptatem aut et vero ex quos. Dignissimos sint eaque aut fugit sit. Velit nulla natus accusamus sint velit qui.', 1, '2019-04-23 12:31:32', '2019-04-23 12:31:32'),
(150, 43, 'Miss Letitia Satterfield Sr.', 'Repellendus est et et labore et atque temporibus id. Et illo voluptates ratione inventore magni. Accusamus laborum non facere dicta libero. Soluta maiores repudiandae harum.', 3, '2019-04-23 12:31:32', '2019-04-23 12:31:32'),
(151, 34, 'Aditya Gutmann', 'Est repellat velit exercitationem ad natus. Earum corporis blanditiis unde molestias. Assumenda quam nihil inventore. Accusantium illo accusamus ut suscipit temporibus.', 0, '2019-04-23 12:31:32', '2019-04-23 12:31:32'),
(152, 12, 'Elijah Walter', 'Maiores magni quos esse reiciendis assumenda consequatur. Ex id hic rerum quibusdam. Accusamus minima et quia veritatis fugit et ab quidem. Amet odio saepe culpa. Voluptatem ipsam voluptates eius dicta et omnis animi.', 1, '2019-04-23 12:31:32', '2019-04-23 12:31:32'),
(153, 46, 'Candice White', 'Ea architecto qui consequatur consequatur non. At nam fuga eligendi corporis. Doloribus ut optio nobis quasi corrupti dicta alias.', 4, '2019-04-23 12:31:32', '2019-04-23 12:31:32'),
(154, 24, 'Joseph Kling II', 'Iure voluptates omnis velit expedita voluptas laboriosam. Ullam quam commodi fugiat architecto. Enim ea ratione veritatis dicta asperiores minima ea.', 5, '2019-04-23 12:31:32', '2019-04-23 12:31:32'),
(155, 21, 'Dr. Pasquale Skiles', 'Quibusdam ex corrupti praesentium numquam repellat aut. Deserunt est repellendus nemo porro. Doloribus nam cumque nostrum distinctio accusantium delectus. Qui et officiis quo dolor in maiores qui.', 1, '2019-04-23 12:31:32', '2019-04-23 12:31:32'),
(156, 26, 'Iva Hyatt DVM', 'Debitis sed odit eius nemo natus dolor earum. Voluptas a minima omnis. Ad sapiente quis laboriosam laborum voluptatum sed reprehenderit. Repellat labore ex et sapiente.', 4, '2019-04-23 12:31:32', '2019-04-23 12:31:32'),
(157, 14, 'Kacie Padberg V', 'Sit a reiciendis veniam quaerat quis vel. Repudiandae enim ex alias vel error odio. Inventore aliquid dolor doloremque autem eos enim.', 0, '2019-04-23 12:31:32', '2019-04-23 12:31:32'),
(158, 16, 'Nichole Gaylord Sr.', 'Eos asperiores tenetur aut dolores ducimus. Rerum tempora dolorum in voluptatem. Aut esse commodi excepturi.', 3, '2019-04-23 12:31:32', '2019-04-23 12:31:32'),
(159, 16, 'Prof. Cristobal Schuppe', 'Harum veniam repellat autem sunt esse veniam soluta. Ratione eum non sunt optio et. Est sunt voluptatem voluptatem. Cumque voluptatibus et ut accusantium totam veniam autem.', 5, '2019-04-23 12:31:32', '2019-04-23 12:31:32'),
(160, 23, 'Cordell Morar', 'Dolore architecto eveniet voluptatem. Maiores autem doloribus ducimus ut aut odit. Voluptatum vero sunt repudiandae necessitatibus quia. Debitis voluptatem fugiat sunt soluta.', 0, '2019-04-23 12:31:32', '2019-04-23 12:31:32'),
(161, 40, 'Miss Vergie Kautzer II', 'Quibusdam est et voluptatem blanditiis. Molestiae et ipsa ab.', 2, '2019-04-23 12:31:32', '2019-04-23 12:31:32'),
(162, 1, 'Marge Hansen', 'Quia veritatis voluptas dolorem atque quis et. Repellendus impedit nobis ipsum voluptatem optio. Quisquam veritatis unde ipsa quo. Vel atque enim id dolor.', 5, '2019-04-23 12:31:32', '2019-04-23 12:31:32'),
(163, 48, 'Beau Shanahan', 'Ea soluta quia error magni et maiores et. Nulla qui nulla molestiae ea nisi nihil eius. Deserunt maxime quis consequatur voluptas molestiae amet nobis. Dolorem et impedit aut quos. Quo esse et praesentium sequi tenetur in qui.', 1, '2019-04-23 12:31:32', '2019-04-23 12:31:32'),
(164, 14, 'Mrs. Jennyfer Abshire IV', 'Porro et totam quis facilis voluptates sunt omnis facere. Suscipit quaerat non qui et deleniti ipsam.', 4, '2019-04-23 12:31:32', '2019-04-23 12:31:32'),
(165, 38, 'Gunner Ferry', 'Autem pariatur magni harum consequuntur qui odio eligendi. Temporibus saepe itaque et unde nemo eos libero. Neque perferendis quam rerum. Non earum sequi ducimus atque.', 0, '2019-04-23 12:31:32', '2019-04-23 12:31:32'),
(166, 37, 'Ana Hagenes', 'Sed natus reprehenderit sint dolore. Dolorum facilis enim consequuntur eum ut autem qui. Est sed molestiae commodi tempora consequuntur. Quo quas sequi sed odit quas architecto ducimus.', 0, '2019-04-23 12:31:32', '2019-04-23 12:31:32'),
(167, 35, 'London Schimmel', 'Consequatur aspernatur voluptas modi non omnis sint. Deserunt laudantium alias minus rem. Eveniet voluptas odit vitae cupiditate velit placeat modi.', 4, '2019-04-23 12:31:32', '2019-04-23 12:31:32'),
(168, 14, 'Donavon Gleason', 'Voluptas tempora ut omnis nisi laborum. Aliquid dolorem cum nostrum sit vel corrupti. Nemo quidem vel mollitia minus ipsum porro. Eaque repellendus sunt nam quia nemo.', 0, '2019-04-23 12:31:32', '2019-04-23 12:31:32'),
(169, 7, 'Mrs. Bonnie Waelchi PhD', 'Hic cupiditate natus reiciendis esse. Eos ut nihil autem reprehenderit.', 2, '2019-04-23 12:31:32', '2019-04-23 12:31:32'),
(170, 42, 'Haskell Cassin', 'Et dolor corporis eveniet. In earum consequatur ea assumenda. Rerum vel possimus iusto sit.', 4, '2019-04-23 12:31:32', '2019-04-23 12:31:32'),
(171, 28, 'Brionna Abernathy', 'Inventore exercitationem voluptatum non voluptas officia enim. Eum dolorum id fuga maiores eos qui. Odit itaque pariatur debitis nostrum dolor quia. Doloribus similique necessitatibus eos temporibus soluta veritatis.', 3, '2019-04-23 12:31:32', '2019-04-23 12:31:32'),
(172, 27, 'Drew Fahey PhD', 'Esse qui vel numquam recusandae temporibus quasi. Totam velit labore ex veniam veritatis quis non beatae. Minima nobis voluptatem saepe corrupti tempore quae eum. Nulla asperiores autem ut nulla aperiam.', 3, '2019-04-23 12:31:32', '2019-04-23 12:31:32'),
(173, 49, 'Prof. Timmy Bashirian', 'Aut vero consequatur architecto recusandae cupiditate sint. Soluta nihil tempora dolorum eveniet perspiciatis. Quibusdam eum velit aperiam qui. Aliquam animi aut consequatur maxime ut debitis error.', 3, '2019-04-23 12:31:32', '2019-04-23 12:31:32'),
(174, 22, 'Kelsie McKenzie', 'Corrupti et et voluptatem perferendis. Non eligendi est voluptatem atque fuga minus itaque. Doloremque quia animi delectus dignissimos ad qui sed magnam.', 3, '2019-04-23 12:31:32', '2019-04-23 12:31:32'),
(175, 9, 'Joy Blick', 'Rerum soluta eligendi dolorem vel consequuntur vitae earum alias. Voluptatem voluptas incidunt voluptatibus expedita maxime repellat. Qui dignissimos saepe aut vitae vero saepe et.', 3, '2019-04-23 12:31:32', '2019-04-23 12:31:32'),
(176, 7, 'Wilfred Roob', 'Necessitatibus magni ratione ut. Dolores sed quisquam ex dolores animi dolorem vero accusantium. Velit fuga ut tempora magnam eos. Commodi recusandae dolorum accusamus rerum est et repudiandae veniam.', 1, '2019-04-23 12:31:32', '2019-04-23 12:31:32'),
(177, 36, 'Chelsey Upton', 'Repellendus adipisci sit fugit eveniet incidunt quaerat facere vel. Numquam consequatur non id minima ratione sed accusantium.', 3, '2019-04-23 12:31:32', '2019-04-23 12:31:32'),
(178, 24, 'Loraine Parisian', 'Ipsa ipsum nemo natus. Dolorum odio quo distinctio eligendi. Nulla magni quas et incidunt nemo voluptatum.', 0, '2019-04-23 12:31:32', '2019-04-23 12:31:32'),
(179, 50, 'Ms. Etha Tremblay V', 'Dolorem inventore quasi rerum sunt cupiditate reiciendis. Fuga repudiandae et sapiente dignissimos provident ut. Optio odio nesciunt ratione.', 5, '2019-04-23 12:31:32', '2019-04-23 12:31:32'),
(180, 46, 'Mrs. Velva Casper Sr.', 'Velit enim voluptatem veniam et. Pariatur ut tempore veritatis sunt ipsam eum reprehenderit. Perferendis non quia dolorem autem delectus. Amet sit soluta omnis eum dolor magni.', 2, '2019-04-23 12:31:32', '2019-04-23 12:31:32'),
(181, 46, 'Prof. Clement Lang MD', 'Hic reprehenderit voluptas autem voluptas esse cupiditate et. Recusandae molestiae quia ut soluta. Quia consequatur consectetur quidem quia.', 0, '2019-04-23 12:31:32', '2019-04-23 12:31:32'),
(182, 31, 'Marina Spencer Sr.', 'Aliquam ut consequatur labore non doloremque quaerat velit. Aut ipsa minima nemo aliquam. Voluptatem fugiat praesentium qui molestiae.', 1, '2019-04-23 12:31:32', '2019-04-23 12:31:32'),
(183, 31, 'Elissa Harris', 'Et porro totam quia est magni. Et consectetur voluptatem hic earum dicta ea. Quasi voluptatem labore repellat quidem. Rerum itaque aut et ipsum provident.', 0, '2019-04-23 12:31:32', '2019-04-23 12:31:32'),
(184, 42, 'Prof. Derick Cartwright', 'Sint hic quaerat voluptatem dicta. Architecto corporis ipsa consequatur vel vitae et cupiditate. Itaque aut perspiciatis qui consequatur excepturi. Ut voluptatem labore maiores sint eum sunt dicta.', 2, '2019-04-23 12:31:32', '2019-04-23 12:31:32'),
(185, 5, 'Mrs. Jailyn Beatty', 'Nobis autem similique repudiandae sed ad qui. Dolorem in excepturi ut quidem numquam corrupti. Id doloremque rerum molestiae. Soluta recusandae et tenetur amet.', 3, '2019-04-23 12:31:32', '2019-04-23 12:31:32'),
(186, 4, 'Wilton Fisher', 'Est iste voluptates illum. Dolor aut dolor unde iusto dicta tempora eum inventore. Ipsam ex id dolorem ad quisquam occaecati praesentium consequuntur.', 2, '2019-04-23 12:31:32', '2019-04-23 12:31:32'),
(187, 11, 'Jayden Harber II', 'Omnis inventore voluptatem voluptas. Assumenda est natus sit quasi nihil culpa magni quos.', 0, '2019-04-23 12:31:32', '2019-04-23 12:31:32'),
(188, 29, 'Tate Baumbach', 'Culpa dolorem et aut omnis recusandae. Est error debitis nisi alias cum. Voluptas odit nam dolorum dolorem voluptates. Quia voluptatem voluptas dignissimos omnis amet aliquid.', 5, '2019-04-23 12:31:32', '2019-04-23 12:31:32'),
(189, 15, 'Nicole Bode', 'Omnis voluptates impedit et minus amet cum. Alias eius eos aspernatur. Possimus sit molestias assumenda ullam eaque delectus dolores. Aut hic quasi veritatis vero rerum iure.', 3, '2019-04-23 12:31:32', '2019-04-23 12:31:32'),
(190, 47, 'Eldridge Hodkiewicz', 'Eum quia fugiat consequuntur amet amet rerum. Iusto et eius accusantium dolor corporis eum ut. Quasi nisi sit porro et aliquid quae.', 4, '2019-04-23 12:31:32', '2019-04-23 12:31:32'),
(191, 28, 'Dock Frami V', 'Voluptatibus debitis fugiat quidem aut neque. Rerum et laboriosam ullam nesciunt enim. Asperiores fugiat saepe quis at consequatur voluptas qui rerum.', 0, '2019-04-23 12:31:32', '2019-04-23 12:31:32'),
(192, 37, 'Adele Tromp', 'Molestiae voluptatum quibusdam explicabo quia omnis culpa quasi. Veniam asperiores praesentium nesciunt nesciunt a eos. Aut non nisi voluptates nesciunt molestiae distinctio officia sit. Iure quis molestiae hic consequuntur.', 4, '2019-04-23 12:31:32', '2019-04-23 12:31:32'),
(193, 42, 'Humberto Pfeffer', 'Sequi nihil quo ea eligendi placeat. Ut omnis debitis vitae et accusantium consequatur. Dignissimos maiores tempora iure totam cumque.', 3, '2019-04-23 12:31:32', '2019-04-23 12:31:32'),
(194, 37, 'Kyler Beer', 'Et eum soluta aut unde dolores adipisci. Nostrum aperiam qui minima quidem eius quae. Qui adipisci magnam laudantium quia omnis.', 5, '2019-04-23 12:31:32', '2019-04-23 12:31:32'),
(195, 24, 'Miss Mariah Kunde', 'Doloremque totam qui nostrum placeat eaque. Itaque laboriosam quas ab facere cum dolorem ut. Magnam nihil labore eligendi quaerat id unde. Numquam incidunt odio vel esse.', 5, '2019-04-23 12:31:32', '2019-04-23 12:31:32'),
(196, 4, 'Tanya Brown', 'Aperiam aut dicta recusandae minus aperiam at. Aperiam aut aut in tempora ad. Rerum nemo et et dolor eligendi eos totam et. Voluptas maxime qui rerum sunt ut repudiandae ex.', 1, '2019-04-23 12:31:32', '2019-04-23 12:31:32'),
(197, 43, 'Prof. Alejandra Skiles II', 'Minima possimus quo dolorem iusto tempore. Earum doloribus ullam aut omnis numquam. Facere cum mollitia sed itaque itaque laborum.', 1, '2019-04-23 12:31:32', '2019-04-23 12:31:32'),
(198, 12, 'Prof. Carmine Schmeler', 'Neque saepe ducimus quasi tempora. Consequatur accusamus at eaque molestiae ut. Ipsam recusandae quisquam accusamus nemo facere non. Harum et cupiditate ut nesciunt aut voluptatem.', 2, '2019-04-23 12:31:32', '2019-04-23 12:31:32'),
(199, 32, 'Prof. Clair O\'Kon', 'Ducimus fugit reiciendis ex sit rem. Aspernatur non voluptatibus occaecati nam dolores eos. Harum magni ratione illum aliquam. Excepturi aut ut adipisci.', 2, '2019-04-23 12:31:32', '2019-04-23 12:31:32'),
(200, 46, 'Daren Schmitt III', 'Facere veritatis atque magni ut consequuntur nihil qui et. Qui nihil non nostrum voluptas impedit dolorem. Et assumenda et debitis totam maiores autem facilis. Voluptas provident totam unde animi recusandae.', 4, '2019-04-23 12:31:32', '2019-04-23 12:31:32'),
(201, 41, 'Laurine Rogahn', 'Facere reprehenderit ducimus omnis assumenda illum non. Voluptates facilis numquam earum laboriosam velit in. Et enim rem beatae est nam ut id.', 5, '2019-04-23 12:31:32', '2019-04-23 12:31:32'),
(202, 2, 'Benjamin Fisher', 'Eos illum tenetur et sit sed harum. Suscipit commodi qui eum voluptate nihil et quis nam. Accusantium minus rem et sit.', 0, '2019-04-23 12:31:32', '2019-04-23 12:31:32'),
(203, 10, 'Ramona Rempel', 'Consequuntur nihil beatae ratione sed eius voluptatem iste. Neque nihil blanditiis quidem rerum dignissimos quo quis. Provident et ut voluptatum molestias. Ducimus provident quae et.', 5, '2019-04-23 12:31:32', '2019-04-23 12:31:32'),
(204, 38, 'Dr. Boyd Hane', 'Dolor consequatur accusantium delectus pariatur voluptatum. Numquam unde eos quas commodi officiis numquam. Asperiores ea consequatur sit accusantium.', 1, '2019-04-23 12:31:32', '2019-04-23 12:31:32'),
(205, 21, 'Rupert Emard', 'Vel soluta sint qui officiis illum. Eligendi assumenda quia dolorem dolorem dicta et. Dicta dolor rerum quam nobis.', 4, '2019-04-23 12:31:32', '2019-04-23 12:31:32'),
(206, 31, 'Justine Kerluke', 'Maxime voluptate iure sequi. Perspiciatis consequatur vel id voluptatum qui. Eos nihil quasi sed possimus molestias.', 4, '2019-04-23 12:31:32', '2019-04-23 12:31:32'),
(207, 4, 'Mr. Verner Wiza MD', 'Vero et quia architecto sunt. Illum cumque et aspernatur esse exercitationem dolor consequuntur. In blanditiis et doloremque sint sunt eos fugit.', 4, '2019-04-23 12:31:32', '2019-04-23 12:31:32'),
(208, 9, 'Justyn Kessler', 'Est aut cum similique ut natus ea. Sit eaque dignissimos veniam facilis. Officiis voluptatem commodi voluptas quas aspernatur in tempora. Eius dolor sunt fugiat est aut dolores temporibus.', 0, '2019-04-23 12:31:32', '2019-04-23 12:31:32');
INSERT INTO `reviews` (`id`, `product_id`, `customer`, `review`, `star`, `created_at`, `updated_at`) VALUES
(209, 37, 'Prof. Rylan Feest PhD', 'Quae id praesentium quos voluptatem dolor quisquam fugiat enim. Impedit saepe maxime laborum alias. Delectus amet corporis laborum molestiae quis commodi rerum incidunt.', 3, '2019-04-23 12:31:32', '2019-04-23 12:31:32'),
(210, 21, 'Vivianne Ortiz', 'Sint qui eos saepe. Accusamus perspiciatis ad eum natus. Quibusdam laborum minima rerum qui nisi numquam. Iure aliquid assumenda ut tempora.', 4, '2019-04-23 12:31:32', '2019-04-23 12:31:32'),
(211, 16, 'Prof. Grayce Kuhlman Jr.', 'Accusamus est et aut ut. Assumenda magni fuga aut temporibus aliquam cum. Tempora ex quia iste id. Exercitationem vel sit et labore at distinctio rem.', 5, '2019-04-23 12:31:32', '2019-04-23 12:31:32'),
(212, 14, 'Miss Alexa Boyle I', 'Nihil accusantium officia non distinctio debitis. Laboriosam quos non officia molestiae impedit ad. Est repellendus corporis ut id aut.', 2, '2019-04-23 12:31:32', '2019-04-23 12:31:32'),
(213, 47, 'Autumn Johns', 'Ut aperiam rerum et. Adipisci odio eos ipsam non officiis illo atque. Reiciendis quae corporis vel ab in voluptas consectetur. Accusamus sit sequi eius.', 3, '2019-04-23 12:31:32', '2019-04-23 12:31:32'),
(214, 19, 'Lavinia Davis', 'Modi quae culpa a maiores nam eum consequuntur. Magnam iusto aut repudiandae architecto rem ducimus. Vero explicabo laborum consequuntur necessitatibus fugiat.', 3, '2019-04-23 12:31:32', '2019-04-23 12:31:32'),
(215, 15, 'Alycia Kerluke V', 'Molestiae quia similique at saepe et. Quia at nulla nulla iure. Dignissimos molestiae ex nostrum incidunt aperiam possimus.', 5, '2019-04-23 12:31:32', '2019-04-23 12:31:32'),
(216, 45, 'Rudolph Huel', 'Odit quis dolores quia voluptatem. Et veniam est voluptatibus porro cupiditate. Saepe voluptatem nobis modi.', 3, '2019-04-23 12:31:32', '2019-04-23 12:31:32'),
(217, 9, 'Immanuel Kuvalis', 'Quod natus rerum eveniet iure. Quia nihil consequuntur esse minus adipisci. Eligendi sint quo fuga fugit expedita iure nihil. Sint tenetur exercitationem occaecati saepe non non.', 1, '2019-04-23 12:31:32', '2019-04-23 12:31:32'),
(218, 49, 'Shana Tillman', 'Molestiae et aliquam nam assumenda. Et eveniet aut ad eaque at dicta. Recusandae earum deleniti accusamus eos ea quis est. Alias fuga aspernatur quo omnis. Laborum impedit omnis molestiae non iusto quisquam sed voluptate.', 2, '2019-04-23 12:31:32', '2019-04-23 12:31:32'),
(219, 47, 'Casey Nicolas', 'Eos dolor dicta et molestiae nihil sequi reiciendis. Porro aperiam voluptas suscipit. Suscipit ea dolores et eius quibusdam. Accusamus error maiores eos fugiat quaerat omnis.', 5, '2019-04-23 12:31:32', '2019-04-23 12:31:32'),
(220, 27, 'Estella Hartmann', 'Rerum dolorum recusandae vel facere iste quod placeat. Ea quia dolores occaecati incidunt quia aut iusto. Animi praesentium et non qui. Ipsa laboriosam soluta atque consectetur totam ducimus recusandae. Non impedit quod ut sit voluptatem tempora consequatur.', 2, '2019-04-23 12:31:32', '2019-04-23 12:31:32'),
(221, 45, 'Alanis Keebler', 'Ullam rerum aut natus exercitationem. Fugit facilis doloribus temporibus quaerat ex mollitia ipsa recusandae. Quia sit aut autem itaque nemo facilis. Atque placeat ut et non reprehenderit.', 4, '2019-04-23 12:31:32', '2019-04-23 12:31:32'),
(222, 22, 'Mrs. Lucinda Huels', 'Quidem numquam quo et sed aut natus. Magnam ea rerum similique soluta quis laboriosam. Maiores neque et expedita non tempore explicabo iure. Distinctio officiis minima ipsam saepe excepturi. Aut totam ipsa dolor a atque ut et.', 1, '2019-04-23 12:31:32', '2019-04-23 12:31:32'),
(223, 5, 'Mr. Bill Greenfelder', 'Non laudantium blanditiis ut et omnis et eius. Asperiores odio qui saepe qui ratione voluptatum minus voluptas. Recusandae consequatur vel eum rerum voluptas facere totam. Veniam consequatur porro ad est quaerat libero deserunt.', 5, '2019-04-23 12:31:32', '2019-04-23 12:31:32'),
(224, 44, 'Clementina Weimann', 'Non sit est numquam nulla quasi tempora vero. Unde facilis est doloribus facilis. Dolore impedit animi ut laudantium quod suscipit neque.', 4, '2019-04-23 12:31:32', '2019-04-23 12:31:32'),
(225, 49, 'Dr. Bennie Roberts', 'Porro ut incidunt velit quia. Illum sequi ut maiores. Quis quia id eligendi.', 2, '2019-04-23 12:31:32', '2019-04-23 12:31:32'),
(226, 44, 'Prof. Rita Klocko', 'Beatae ea voluptas inventore eligendi recusandae. Distinctio quam quis porro harum. Libero dolor maxime non et.', 1, '2019-04-23 12:31:32', '2019-04-23 12:31:32'),
(227, 18, 'Eden Weber', 'Non earum eos laudantium possimus. Minima aut totam incidunt doloribus est.', 2, '2019-04-23 12:31:32', '2019-04-23 12:31:32'),
(228, 3, 'Mrs. Jolie Mueller PhD', 'Expedita nulla laboriosam excepturi voluptatem dolorem hic dolorem ut. Dolores sunt exercitationem aut ut vel aliquam.', 4, '2019-04-23 12:31:32', '2019-04-23 12:31:32'),
(229, 42, 'Stanton Kuvalis', 'Magni nostrum qui ut dolorum maxime. Nobis omnis quam sit rem. Iste dolorum nihil natus a.', 5, '2019-04-23 12:31:32', '2019-04-23 12:31:32'),
(230, 33, 'Prof. Hilma Goodwin', 'Magni delectus possimus voluptate fuga et ea reprehenderit. Et omnis vitae commodi ipsam suscipit autem rerum. Id hic velit laudantium maxime consequatur.', 0, '2019-04-23 12:31:32', '2019-04-23 12:31:32'),
(231, 17, 'Louisa Mante', 'Aut voluptate eos possimus molestiae. Perspiciatis a quibusdam rem vel velit nam. Nihil sint ex sed natus quae. Qui qui nesciunt exercitationem quo ut.', 4, '2019-04-23 12:31:32', '2019-04-23 12:31:32'),
(232, 22, 'Rachelle Lakin', 'Commodi facilis odio sint similique doloremque accusamus dolorum quo. Cupiditate accusamus animi sunt. Vitae consequatur veritatis ut quos est soluta aliquid veritatis. Totam in ut vero.', 5, '2019-04-23 12:31:32', '2019-04-23 12:31:32'),
(233, 34, 'Dr. Celia Stokes', 'Praesentium dolor est expedita accusantium. Ea autem delectus quis repellendus facilis amet. Accusamus quaerat quaerat nostrum facere nisi expedita. Est dolor et id ipsum neque perspiciatis. Ut nostrum nostrum aut.', 1, '2019-04-23 12:31:32', '2019-04-23 12:31:32'),
(234, 25, 'Rylan Mosciski', 'Officiis qui qui sint ullam placeat quis. Laudantium autem eligendi pariatur pariatur repudiandae et omnis. Alias unde aut consectetur qui earum molestias voluptatem. Consectetur provident ad dolor commodi. Molestiae consequatur ipsa enim et dolores quo nisi praesentium.', 4, '2019-04-23 12:31:32', '2019-04-23 12:31:32'),
(235, 45, 'Myrtis Hettinger', 'Voluptatibus provident velit autem est ipsum. Praesentium molestiae beatae voluptate minus vel dolore alias id. Voluptatem eaque fugit inventore porro dolorum. Praesentium inventore in at excepturi ratione consequatur temporibus.', 3, '2019-04-23 12:31:32', '2019-04-23 12:31:32'),
(236, 41, 'Isac Armstrong', 'Maiores eaque possimus ipsam omnis ab doloribus. Nemo a ipsam sequi fugiat autem quidem nemo aut. Aperiam sed adipisci omnis soluta.', 2, '2019-04-23 12:31:32', '2019-04-23 12:31:32'),
(237, 24, 'Ethan Mayer', 'Voluptatum eum reiciendis dolorem ab. Pariatur similique fugit quidem et. Dolores nihil voluptate distinctio est sed inventore.', 5, '2019-04-23 12:31:32', '2019-04-23 12:31:32'),
(238, 12, 'Prof. Chad Jacobi II', 'Quia earum labore vel et eos debitis. At mollitia veritatis et quia eius illo. Quod aut non aut fuga consequuntur nihil ex. Libero inventore et impedit omnis.', 2, '2019-04-23 12:31:32', '2019-04-23 12:31:32'),
(239, 25, 'Zakary Lebsack', 'Et est et aperiam aut laboriosam. Architecto sed quia quae qui. Necessitatibus numquam animi eos deleniti non.', 4, '2019-04-23 12:31:32', '2019-04-23 12:31:32'),
(240, 15, 'Alexane Nicolas', 'Rerum quia cupiditate quasi et quia ducimus molestias. Iste esse quo debitis sint ipsam et est quia. Beatae ut voluptates voluptatum rerum sequi voluptate.', 5, '2019-04-23 12:31:32', '2019-04-23 12:31:32'),
(241, 30, 'River Koss MD', 'Quidem neque est mollitia temporibus deleniti quam. Quasi iure laborum ea. Consequatur et reprehenderit voluptas non maiores.', 0, '2019-04-23 12:31:32', '2019-04-23 12:31:32'),
(242, 44, 'Prof. Elwyn Rutherford', 'Sunt consectetur exercitationem eveniet quos ut mollitia. Saepe dolorem iusto dolore aliquid occaecati laboriosam reiciendis. Porro nam rerum totam ea sequi et voluptate.', 3, '2019-04-23 12:31:32', '2019-04-23 12:31:32'),
(243, 17, 'Colin Robel', 'Non eos numquam sit voluptas asperiores ipsum. Ea ducimus vel magni. Excepturi beatae quia tempore qui id aut sed. Dolores voluptate porro ut voluptas veniam quia.', 5, '2019-04-23 12:31:32', '2019-04-23 12:31:32'),
(244, 27, 'Everette Willms', 'Necessitatibus assumenda in quasi temporibus at cumque voluptates. Dolorem optio architecto repudiandae repellat dolores consectetur eos. Voluptatem quisquam blanditiis perferendis odit. Sed eligendi dolor quasi laudantium.', 5, '2019-04-23 12:31:32', '2019-04-23 12:31:32'),
(245, 29, 'Aaliyah Zulauf', 'Provident sit aut doloremque omnis voluptatem eum earum. Ut velit deserunt labore.', 5, '2019-04-23 12:31:32', '2019-04-23 12:31:32'),
(246, 21, 'Adalberto Boyer', 'Rerum quam maxime vel odit. Repellat quas ratione provident cupiditate suscipit eos.', 2, '2019-04-23 12:31:32', '2019-04-23 12:31:32'),
(247, 18, 'Earline Leuschke DVM', 'Sit beatae aut sint animi excepturi laboriosam qui. Repellat totam ab repellat sit qui laborum recusandae. Quae omnis sapiente aliquid eos cupiditate quia. Repudiandae temporibus tempora eligendi qui.', 2, '2019-04-23 12:31:32', '2019-04-23 12:31:32'),
(248, 34, 'Mr. Gerhard Conroy Jr.', 'Rem soluta consectetur voluptatibus ut. Tempore eius autem ullam sit ullam quasi.', 2, '2019-04-23 12:31:32', '2019-04-23 12:31:32'),
(249, 22, 'Prof. Kyle Walsh IV', 'Iste consequatur quia qui quaerat aperiam est. Libero aut aut voluptate totam eveniet quia commodi. Laudantium assumenda tempora saepe veritatis est et assumenda. Qui ad iste et at.', 3, '2019-04-23 12:31:32', '2019-04-23 12:31:32'),
(250, 42, 'Mr. Enoch Heller MD', 'Ut ab consequatur ut odio corporis. Dicta dolor inventore enim voluptatem reiciendis neque. Molestiae quos eos voluptatem recusandae nam veritatis.', 2, '2019-04-23 12:31:32', '2019-04-23 12:31:32'),
(251, 50, 'Khalid Klocko IV', 'Sapiente ipsam ab ratione nihil omnis vitae. Quia explicabo et nihil necessitatibus repellat quasi. Qui amet rerum est quis blanditiis voluptatem aut velit. Sed cumque consequatur saepe est expedita quasi fugiat.', 4, '2019-04-23 12:31:32', '2019-04-23 12:31:32'),
(252, 28, 'John Harvey', 'Incidunt reiciendis exercitationem et consequuntur. Animi repudiandae laudantium nesciunt ipsum. Fugit voluptatem veniam nam est accusantium qui voluptas. Laboriosam facilis rerum blanditiis unde fuga.', 0, '2019-04-23 12:31:32', '2019-04-23 12:31:32'),
(253, 42, 'Herman Donnelly', 'Maiores qui debitis dolores nulla. Quia eum velit qui quidem. Doloribus harum tempora ab eligendi.', 2, '2019-04-23 12:31:32', '2019-04-23 12:31:32'),
(254, 38, 'Alice Sanford', 'Architecto accusantium aliquid ipsa quaerat inventore doloremque soluta. Ut autem eius et sapiente omnis non.', 5, '2019-04-23 12:31:32', '2019-04-23 12:31:32'),
(255, 44, 'Chyna Schroeder Jr.', 'Dolor a debitis et corrupti voluptatum. Perferendis ut nesciunt perspiciatis incidunt. Cum voluptates iste ut ipsa. Alias qui quis odio earum ipsam sed adipisci.', 4, '2019-04-23 12:31:32', '2019-04-23 12:31:32'),
(256, 25, 'Dalton Armstrong', 'Quis ut ut maiores repudiandae dolor enim. Aut recusandae facere eveniet amet ex. Dolorum praesentium praesentium eum culpa odio quas eaque.', 1, '2019-04-23 12:31:32', '2019-04-23 12:31:32'),
(257, 29, 'Lacey Hoeger', 'Est accusamus quos non aperiam enim voluptatem. At ut asperiores non sit. Dolores quisquam eos veritatis animi nisi.', 1, '2019-04-23 12:31:32', '2019-04-23 12:31:32'),
(258, 26, 'Justyn Schroeder I', 'Quibusdam quis quas nihil magni dolorem. Iste omnis reiciendis rem voluptate deserunt et beatae. Ea natus earum beatae non dolor.', 0, '2019-04-23 12:31:32', '2019-04-23 12:31:32'),
(259, 23, 'Conner Bechtelar', 'Et ut laborum quas vero eos. Illo quia aut doloribus. Nisi odit nam laborum fuga quia.', 1, '2019-04-23 12:31:32', '2019-04-23 12:31:32'),
(260, 19, 'Mrs. Heloise Larson Jr.', 'Magnam dolor necessitatibus placeat voluptas. Sed et dolores voluptas expedita officiis velit sit. Temporibus et error fugit reprehenderit ab. Occaecati odio aut qui error.', 0, '2019-04-23 12:31:32', '2019-04-23 12:31:32'),
(261, 33, 'Prof. Brennan Harber', 'Beatae incidunt cupiditate labore mollitia distinctio et qui earum. In aspernatur fugit natus asperiores nostrum modi. Fuga aut adipisci maxime non voluptatem odit voluptatem. Sunt voluptates accusantium ab qui doloremque.', 1, '2019-04-23 12:31:32', '2019-04-23 12:31:32'),
(262, 26, 'Jarrell Weber Sr.', 'Tenetur et eos quae possimus dolorem quidem qui. Quis quia cupiditate exercitationem consequatur officia. Tempore laboriosam officia natus quis aut voluptatem fuga architecto. Voluptatem tempore repudiandae odio dolores quaerat laborum optio.', 3, '2019-04-23 12:31:32', '2019-04-23 12:31:32'),
(263, 20, 'Prof. Celestino Kirlin DVM', 'Doloribus doloribus incidunt aut ratione doloremque eum. Fuga qui cupiditate quod neque similique expedita id. Veniam excepturi officiis nostrum temporibus ad. Et vitae soluta illo recusandae voluptatem molestiae animi voluptatum. Et quo et ducimus.', 3, '2019-04-23 12:31:32', '2019-04-23 12:31:32'),
(264, 28, 'Sammie Rath', 'Vel iusto dicta asperiores impedit sed qui odio hic. Cum quis rerum quam est aut molestias. Laudantium deleniti doloribus consequuntur tempora.', 3, '2019-04-23 12:31:32', '2019-04-23 12:31:32'),
(265, 33, 'Fritz Smith', 'Magni maxime aut autem non. Perferendis quasi iusto explicabo quia. Impedit quam unde quas recusandae et dolor. Sint quaerat voluptates saepe repellendus rerum quos.', 3, '2019-04-23 12:31:32', '2019-04-23 12:31:32'),
(266, 29, 'Cassandre Gerhold', 'Aut totam sapiente non beatae et ratione. Repellendus corrupti cupiditate sequi earum cupiditate aut. Doloremque molestiae ipsa possimus. Nam quis voluptatibus nesciunt maiores at inventore fuga. Fugit sequi velit doloremque voluptatem rerum.', 4, '2019-04-23 12:31:32', '2019-04-23 12:31:32'),
(267, 1, 'Kyle Rohan', 'Dolorem neque ipsum qui quis cupiditate. Ut praesentium quidem autem est. Quis culpa quis dolores voluptatibus ad. Ipsa aperiam voluptatem dolorem id labore nostrum ut quis.', 4, '2019-04-23 12:31:32', '2019-04-23 12:31:32'),
(268, 18, 'Ms. Vivian West I', 'Enim distinctio accusantium doloremque est est id veritatis laboriosam. Est et magnam reiciendis enim. Corrupti in ut voluptatem sunt soluta iste at.', 5, '2019-04-23 12:31:32', '2019-04-23 12:31:32'),
(269, 45, 'Rosamond Larkin', 'Doloremque et magni qui ut sunt nihil. Laboriosam voluptas fugit architecto dolorum repudiandae quo. Ab autem sint libero id.', 0, '2019-04-23 12:31:32', '2019-04-23 12:31:32'),
(270, 2, 'Jaqueline Corkery', 'Maxime voluptatem qui asperiores similique debitis voluptates. Nostrum quia et omnis aut repudiandae. Autem unde nulla aperiam modi. Reiciendis odit quia fugit ducimus.', 5, '2019-04-23 12:31:32', '2019-04-23 12:31:32'),
(271, 22, 'Mr. Aron Daniel II', 'Dolorem aperiam cumque saepe rerum mollitia. Non officiis velit nulla. Sint fuga velit voluptatem voluptatem nostrum et. Placeat dolor aperiam in architecto et. Qui sunt corporis accusamus quod est maiores nam.', 1, '2019-04-23 12:31:32', '2019-04-23 12:31:32'),
(272, 12, 'Ismael Tremblay I', 'Asperiores soluta quas dolorum quis doloribus. Nemo consequatur quod modi beatae iusto quae aut accusamus. Provident et expedita dolores minima et. Et fugiat et similique voluptas at sit et.', 5, '2019-04-23 12:31:32', '2019-04-23 12:31:32'),
(273, 25, 'Dr. Camylle Leffler DDS', 'Nobis aliquid autem dolor quia ut ad. Nihil commodi accusantium non. Aspernatur doloribus deleniti tempore.', 0, '2019-04-23 12:31:32', '2019-04-23 12:31:32'),
(274, 7, 'Hans Koch', 'Molestiae velit eos saepe. In inventore non hic ut. Provident aperiam perspiciatis sed rerum quos soluta officia.', 0, '2019-04-23 12:31:32', '2019-04-23 12:31:32'),
(275, 45, 'Jeffrey Quigley', 'Illo odio eos illum dolorum magnam qui. Ab magni et quia veritatis. Sed quia qui quo suscipit voluptas enim saepe.', 0, '2019-04-23 12:31:32', '2019-04-23 12:31:32'),
(276, 36, 'Dominique Tromp MD', 'Aut placeat voluptates consequatur nihil veritatis dolores. Odio aliquam amet eum necessitatibus. Optio occaecati quis molestiae. Accusamus beatae corporis qui nemo similique ratione vel. Voluptas sint nemo quae numquam eum.', 4, '2019-04-23 12:31:32', '2019-04-23 12:31:32'),
(277, 46, 'Isidro Wehner', 'Facere id ex accusantium ut libero. Voluptatem autem quia totam ut vitae. Quidem placeat rerum ipsa earum reiciendis cum. Et quia reprehenderit suscipit molestiae exercitationem et.', 1, '2019-04-23 12:31:32', '2019-04-23 12:31:32'),
(278, 38, 'Mrs. Nina Grimes Jr.', 'Dolores adipisci voluptatibus et quo excepturi aut. Ut in unde modi consectetur. Voluptatem et magnam quisquam nostrum nobis corporis ut. Quia nostrum porro quibusdam asperiores unde.', 0, '2019-04-23 12:31:32', '2019-04-23 12:31:32'),
(279, 16, 'Emelie Anderson', 'Molestias aliquid quod quae et et magnam at odio. Qui dolorem minus vero veniam sed. Sapiente repudiandae doloremque cum.', 3, '2019-04-23 12:31:32', '2019-04-23 12:31:32'),
(280, 30, 'Mrs. Ernestine Fay IV', 'Ex autem accusantium autem quia dolores autem nihil harum. Repellat quibusdam eos sapiente iusto qui pariatur. Optio minima autem cupiditate aliquid placeat.', 3, '2019-04-23 12:31:32', '2019-04-23 12:31:32'),
(281, 1, 'Hayden Nitzsche', 'Rerum qui corrupti doloribus voluptatum dolore. Velit dolorem aliquid totam nesciunt quasi id et. Voluptas numquam amet ex sit repellendus architecto.', 5, '2019-04-23 12:31:32', '2019-04-23 12:31:32'),
(282, 8, 'Jettie Doyle', 'Provident exercitationem doloremque aperiam cum unde deleniti. Voluptatem maxime nulla sed praesentium. Et et beatae ab quo. Tenetur rerum est quam minima sit.', 5, '2019-04-23 12:31:32', '2019-04-23 12:31:32'),
(283, 24, 'Sonya Heaney', 'Qui quisquam beatae deleniti voluptas. Sit cupiditate illo occaecati omnis corporis id. Consequuntur adipisci aut laborum ut non.', 5, '2019-04-23 12:31:32', '2019-04-23 12:31:32'),
(284, 5, 'Mrs. Sandra Tromp', 'Aut est voluptatibus harum reprehenderit amet consectetur aut. Vel et laudantium odio et velit et voluptas laborum. Qui est eius sint vel quae dolorem asperiores. Cum fugit et corporis ut quibusdam quidem possimus ipsum. Necessitatibus dignissimos unde sint est ut.', 5, '2019-04-23 12:31:32', '2019-04-23 12:31:32'),
(285, 14, 'Yasmin Marks', 'Odit eos rerum sunt id expedita est ex. Sapiente hic ratione omnis aspernatur consequatur. Maiores et optio sed mollitia sed praesentium.', 0, '2019-04-23 12:31:32', '2019-04-23 12:31:32'),
(286, 16, 'Gerry Gutkowski', 'Cum rerum mollitia eius blanditiis repellendus culpa. Laboriosam debitis in provident. Laboriosam quaerat et magnam labore enim vel minus.', 3, '2019-04-23 12:31:32', '2019-04-23 12:31:32'),
(287, 25, 'Ms. Dana Stroman I', 'Quia iste fugit quia est. Porro et nihil aliquam officia et ut consequatur. Labore vitae tempora voluptatibus tempore quis.', 2, '2019-04-23 12:31:32', '2019-04-23 12:31:32'),
(288, 41, 'Ms. Stella Little', 'Vitae nobis excepturi repellat similique facere. Sint enim autem aliquid vel. Facere minima minus alias error.', 4, '2019-04-23 12:31:32', '2019-04-23 12:31:32'),
(289, 32, 'Prof. Milan Hodkiewicz', 'Modi sit in enim tenetur esse et. Odio officia ut quod rem eveniet sequi aspernatur voluptatum. Rerum facilis officia reprehenderit debitis similique beatae et.', 1, '2019-04-23 12:31:32', '2019-04-23 12:31:32'),
(290, 12, 'Werner Christiansen', 'Ut vero ut possimus minus pariatur qui voluptatum. Porro repudiandae sunt dignissimos voluptas non rerum neque omnis. Culpa qui dolorem ut ex optio quibusdam. Quia odio consequatur assumenda exercitationem et facilis ratione nihil.', 4, '2019-04-23 12:31:32', '2019-04-23 12:31:32'),
(291, 9, 'Arnoldo Maggio', 'Impedit quo sunt aut eius eum fugiat eos. Officiis velit qui facilis. Sed atque nisi qui molestias labore consequatur. Expedita earum ea atque voluptas impedit accusamus magnam.', 5, '2019-04-23 12:31:32', '2019-04-23 12:31:32'),
(292, 27, 'Lora Senger', 'Reiciendis ut est quibusdam dolores. Inventore non earum aut eum adipisci quis sit voluptates. Eum non ipsa ipsum rerum voluptatum quisquam.', 2, '2019-04-23 12:31:32', '2019-04-23 12:31:32'),
(293, 43, 'Greyson Zieme', 'Porro quam non et sed rerum at et. Veritatis aspernatur qui neque doloremque consequatur. Unde molestiae possimus molestiae est animi nostrum. Distinctio quia et modi velit.', 5, '2019-04-23 12:31:32', '2019-04-23 12:31:32'),
(294, 1, 'Dr. Mayra Mayert', 'Debitis corporis at fuga et officia nisi. Voluptatum voluptatem est fuga cupiditate sequi quam porro.', 5, '2019-04-23 12:31:32', '2019-04-23 12:31:32'),
(295, 1, 'Johann Rogahn', 'Aut excepturi dolor consectetur voluptas. Voluptates tempore rem illum aut aut. Ipsa illum vel molestias saepe odit odit.', 1, '2019-04-23 12:31:32', '2019-04-23 12:31:32'),
(296, 43, 'Lisette Lemke', 'Ullam rerum et praesentium accusantium praesentium et. Officiis saepe numquam sit qui vero. Perspiciatis quaerat sapiente qui omnis molestias et qui quisquam. Magni et vel id repellat.', 1, '2019-04-23 12:31:32', '2019-04-23 12:31:32'),
(297, 27, 'Mozell Schneider', 'Porro rerum quod ab consequatur consequatur non sint iste. Excepturi perspiciatis non aut accusamus laboriosam porro voluptatem aut. Quos a at facilis omnis magni suscipit. Ut voluptate nam qui.', 3, '2019-04-23 12:31:32', '2019-04-23 12:31:32'),
(298, 19, 'Lisette Nitzsche', 'Beatae iste laudantium et velit ratione odio. Totam aliquid assumenda consequuntur veniam.', 0, '2019-04-23 12:31:32', '2019-04-23 12:31:32'),
(299, 24, 'Russel Murazik Jr.', 'Rerum necessitatibus blanditiis earum iste quis et dolor eos. At id ea et dicta reprehenderit sed nam. Dolores non esse et nisi. In sint cum quis voluptate explicabo.', 1, '2019-04-23 12:31:32', '2019-04-23 12:31:32'),
(300, 11, 'Tyler Nolan Jr.', 'Eum consequatur id sit voluptas porro. Sequi illum placeat incidunt veniam aliquid fugit. Illum illum et molestias temporibus est aspernatur repellendus. Quos ullam ratione ut pariatur necessitatibus aut non blanditiis.', 1, '2019-04-23 12:31:32', '2019-04-23 12:31:32');

-- --------------------------------------------------------

--
-- Table structure for table `users`
--

DROP TABLE IF EXISTS `users`;
CREATE TABLE IF NOT EXISTS `users` (
  `id` bigint(20) UNSIGNED NOT NULL AUTO_INCREMENT,
  `name` varchar(191) COLLATE utf8mb4_unicode_ci NOT NULL,
  `email` varchar(191) COLLATE utf8mb4_unicode_ci NOT NULL,
  `email_verified_at` timestamp NULL DEFAULT NULL,
  `password` varchar(191) COLLATE utf8mb4_unicode_ci NOT NULL,
  `remember_token` varchar(100) COLLATE utf8mb4_unicode_ci DEFAULT NULL,
  `created_at` timestamp NULL DEFAULT NULL,
  `updated_at` timestamp NULL DEFAULT NULL,
  PRIMARY KEY (`id`),
  UNIQUE KEY `users_email_unique` (`email`)
) ENGINE=MyISAM DEFAULT CHARSET=utf8mb4 COLLATE=utf8mb4_unicode_ci;
COMMIT;

/*!40101 SET CHARACTER_SET_CLIENT=@OLD_CHARACTER_SET_CLIENT */;
/*!40101 SET CHARACTER_SET_RESULTS=@OLD_CHARACTER_SET_RESULTS */;
/*!40101 SET COLLATION_CONNECTION=@OLD_COLLATION_CONNECTION */;
